user_id,day,login_hour,files_accessed,data_transfer_mb,failed_logins,after_hours_access,usb_events,email_recipients_count,login_hour_dev,files_accessed_dev,data_transfer_mb_dev,failed_logins_dev,after_hours_access_dev,usb_events_dev,email_recipients_count_dev
U000,1,9,37,99.03,0,0,0,13,0.0,0.0,0.0,0.0,0.0,0.0,0.0
U000,2,9,47,81.52,0,0,0,9,0.0,10.0,-17.51,0.0,0.0,0.0,-4.0
U000,3,8,34,75.37,0,0,0,11,-1.0,-1.1314,-1.2038,0.0,0.0,0.0,0.0
U000,4,9,43,126.26,0,0,0,11,0.5773,0.5387,3.336,0.0,0.0,0.0,0.0
U000,5,9,36,81.23,0,0,0,13,0.5,-0.7262,-0.6279,0.0,0.0,0.0,1.2247
U000,6,9,42,71.77,0,0,0,12,0.4472,0.4803,-1.0075,0.0,0.0,0.0,0.3586
U000,7,10,40,88.15,0,0,0,10,2.8577,0.0336,-0.0512,0.0,0.0,0.0,-0.9891
U000,8,8,31,73.69,1,0,1,10,-1.732,-1.9574,-0.8231,1.0,0.0,1.0,-0.8594
U000,9,10,46,102.54,0,0,0,11,1.7554,1.3861,0.8512,-0.3536,0.0,-0.3536,-0.0857
U000,10,9,46,82.97,0,0,0,10,0.0,1.181,-0.3317,-0.3333,0.0,-0.3333,-0.8145
U000,11,10,41,75.01,0,0,0,10,1.5,0.1446,-0.7887,-0.3162,0.0,-0.3162,-0.75
U000,12,9,51,52.48,0,0,0,11,-0.1297,2.0412,-2.1052,-0.3015,0.0,-0.3015,0.0699
U000,13,8,47,102.67,0,0,0,10,-1.6204,0.9903,0.9965,-0.2887,0.0,-0.2887,-0.7392
U000,14,9,34,102.84,1,0,0,11,0.0,-1.298,0.9322,3.3282,0.0,-0.2773,0.1267
U000,15,10,40,85.39,0,0,0,11,1.472,-0.1788,-0.0781,-0.3934,0.0,-0.2673,0.1224
U000,16,9,40,89.87,0,0,0,10,-0.0947,-0.173,0.1775,-0.3789,0.0,-0.2582,-0.7701
U000,17,9,37,92.86,0,0,2,7,-0.0919,-0.7042,0.3467,-0.366,0.0,7.75,-3.4388
U000,18,8,38,90.66,0,0,1,14,-1.6076,-0.4922,0.2036,-0.3542,0.0,1.558,2.4081
U000,19,9,28,106.08,0,0,0,11,0.0,-2.3376,1.1521,-0.3436,0.0,-0.4053,0.1395
U000,20,10,50,77.25,1,0,0,10,1.5,1.695,-0.6877,2.8377,0.0,-0.3933,-0.5099
U000,21,9,34,67.71,0,0,0,10,-0.0729,-1.0277,-1.2578,-0.4094,0.0,-0.3823,-0.4943
U000,22,10,37,84.27,0,0,0,9,1.4235,-0.497,-0.1633,-0.3984,0.0,-0.3722,-1.152
U000,23,10,28,93.04,0,0,0,12,1.3295,-1.9553,0.3934,-0.3882,0.0,-0.3629,0.9106
U000,24,8,48,108.31,1,0,0,9,-1.6279,1.3233,1.366,2.5252,0.0,-0.3542,-1.1377
U000,25,9,40,93.97,0,0,0,9,-0.1162,0.0317,0.3803,-0.4378,0.0,-0.3461,-1.0846
U000,26,10,49,100.26,0,0,0,9,1.3098,1.431,0.7769,-0.4276,0.0,-0.3386,-1.0385
U000,27,10,42,101.51,0,0,0,13,1.2434,0.2817,0.8346,-0.4181,0.0,-0.3315,1.663
U000,28,10,36,107.03,0,0,0,11,1.1863,-0.6561,1.1697,-0.4092,0.0,-0.3249,0.2627
U000,29,10,31,74.54,1,0,1,11,1.1364,-1.4252,-0.9902,2.4053,0.0,1.9116,0.2578
U000,30,9,38,77.73,1,0,0,8,-0.285,-0.2717,-0.7494,2.1528,0.0,-0.3682,-1.7495
U000,31,10,39,98.77,0,0,1,13,1.1198,-0.1099,0.6493,-0.4916,0.0,1.8071,1.5938
U000,32,10,39,102.23,0,0,0,12,1.0532,-0.1207,0.8771,-0.4916,0.0,-0.413,0.9476
U000,33,9,43,97.14,1,0,0,16,-0.3605,0.5643,0.4939,1.9664,0.0,-0.413,3.48
U000,34,9,40,73.38,0,0,0,8,-0.4272,0.0326,-1.1122,-0.5424,0.0,-0.413,-1.5326
U000,35,11,23,99.57,0,1,0,7,2.4209,-2.7311,0.7966,-0.5424,1.0,-0.413,-1.951
U000,36,9,35,112.03,0,0,0,10,-0.4794,-0.6268,1.6416,-0.5424,-0.1826,-0.413,-0.255
U000,37,9,33,120.34,0,0,0,11,-0.4794,-0.8833,2.1095,-0.5424,-0.1826,-0.413,0.2918
U000,38,10,33,83.47,0,1,1,7,0.8794,-0.8387,-0.532,-0.5424,5.2946,1.6521,-1.7843
U000,39,9,52,85.04,0,0,0,10,-0.5525,1.9182,-0.4589,-0.4916,-0.2628,-0.413,-0.1795
U000,40,8,46,120.03,0,0,0,12,-1.9024,0.9706,1.9452,-0.4916,-0.2628,-0.413,0.8171
U000,41,9,54,89.52,0,0,0,9,-0.4397,2.0905,-0.1922,-0.4916,-0.2628,-0.413,-0.6792
U000,42,10,26,83.53,0,0,0,10,0.9337,-1.7666,-0.6211,-0.4916,-0.2628,-0.413,-0.1766
U000,43,9,46,86.91,0,0,0,10,-0.4397,0.9515,-0.5342,-0.4916,-0.2628,-0.413,-0.1608
U000,44,10,28,120.19,1,0,1,7,0.8816,-1.386,2.0069,1.9664,-0.2628,1.6521,-1.6077
U000,45,9,33,86.83,1,1,0,9,-0.5525,-0.6902,-0.5159,1.9664,3.6788,-0.463,-0.5566
U000,46,9,35,103.36,1,0,0,12,-0.5104,-0.4036,0.657,1.7822,-0.3277,-0.463,0.8637
U000,47,9,34,100.44,2,0,0,11,-0.5104,-0.5079,0.4148,3.8538,-0.3277,-0.463,0.3657
U000,48,9,48,111.92,1,0,1,9,-0.5104,1.2625,1.2071,1.2195,-0.3277,2.1985,-0.633
U000,49,9,46,86.39,0,0,0,11,-0.5929,0.9451,-0.6331,-0.6594,-0.3277,-0.4397,0.4164
U000,50,9,37,91.18,0,0,0,11,-0.5929,-0.2315,-0.2574,-0.6594,-0.3277,-0.4397,0.4164
U000,51,10,28,100.78,1,0,0,11,0.9471,-1.3395,0.3862,1.2195,-0.3277,-0.4397,0.3986
U000,52,9,33,103.69,0,0,0,10,-0.5929,-0.6557,0.5535,-0.6594,-0.3277,-0.4397,-0.116
U000,53,10,50,83.62,1,0,0,10,0.9471,1.4809,-1.0435,1.139,-0.3277,-0.4397,-0.1334
U000,54,8,26,79.56,1,0,0,10,-2.0438,-1.5871,-1.3116,1.0653,-0.3277,-0.4397,-0.1014
U000,55,9,38,80.08,0,0,0,10,-0.5483,-0.0122,-1.183,-0.7102,-0.3277,-0.4397,-0.1191
U000,56,9,51,88.25,0,0,0,11,-0.5483,1.5785,-0.5227,-0.7102,-0.3277,-0.4397,0.3768
U000,57,9,46,96.55,0,0,0,10,-0.5044,0.9502,0.1159,-0.7102,-0.3277,-0.4397,-0.1722
U000,58,11,32,102.23,0,0,1,10,2.6103,-0.7411,0.5462,-0.7102,-0.3277,2.1985,-0.1248
U000,59,11,31,77.83,0,0,0,9,2.3436,-0.8374,-1.2477,-0.7102,-0.3277,-0.4916,-0.6436
U000,60,8,41,97.94,0,0,0,12,-1.7867,0.342,0.2393,-0.6594,-0.3277,-0.4397,0.9979
U001,1,7,34,38.26,3,0,0,6,0.0,0.0,0.0,0.0,0.0,0.0,0.0
U001,2,9,19,25.68,0,0,0,9,2.0,-15.0,-12.58,-3.0,0.0,0.0,3.0
U001,3,8,20,15.59,0,0,1,10,0.0,-0.6128,-1.8414,-0.7071,0.0,1.0,1.1785
U001,4,9,10,0.5,0,0,0,12,1.0,-1.7091,-2.2901,-0.5773,0.0,-0.5773,1.7614
U001,5,8,32,24.21,1,0,0,12,-0.2611,1.135,0.2631,0.1667,0.0,-0.5,1.1
U001,6,9,30,8.42,0,1,0,10,0.9562,0.7035,-0.8903,-0.6136,1.0,-0.4472,0.0803
U001,7,7,31,34.18,0,0,0,7,-1.633,0.7311,1.1429,-0.5505,-0.4082,-0.4082,-1.2713
U001,8,10,8,0.0,0,0,0,8,2.0641,-1.9229,-1.5412,-0.504,-0.378,-0.378,-0.6214
U001,9,9,8,20.14,0,0,0,7,0.5893,-1.4648,0.1221,-0.4677,-0.3536,-0.3536,-1.0285
U001,10,9,12,14.7,2,0,0,4,0.548,-0.8638,-0.2815,1.5344,-0.3333,-0.3333,-2.2942
U001,11,8,16,10.5,0,0,0,6,-0.5145,-0.4149,-0.5914,-0.5582,-0.3162,-0.3162,-0.9642
U001,12,8,10,49.19,0,0,0,8,-0.4866,-0.9853,2.5345,-0.5266,-0.3015,-0.3015,-0.106
U001,13,9,14,11.6,0,0,0,10,0.6479,-0.5117,-0.5661,-0.5,-0.2887,-0.2887,0.7131
U001,14,7,30,44.74,0,0,0,7,-1.6664,1.1491,1.7324,-0.4771,-0.2773,-0.2773,-0.5771
U001,15,8,27,8.32,0,0,0,8,-0.3845,0.7535,-0.8318,-0.4571,-0.2673,-0.2673,-0.1224
U001,16,8,8,12.85,0,0,0,4,-0.3705,-1.2451,-0.4915,-0.4394,-0.2582,-0.2582,-1.8955
U001,17,9,25,9.69,1,0,0,8,0.7873,0.5782,-0.6843,0.7062,-0.25,-0.25,0.0
U001,18,7,18,9.66,1,0,0,3,-1.57,-0.1711,-0.6577,0.6759,-0.2425,-0.2425,-2.132
U001,19,8,20,16.82,0,0,0,7,-0.3104,0.0476,-0.1364,-0.5195,-0.2357,-0.2357,-0.2819
U001,20,8,12,22.52,0,0,0,5,-0.3018,-0.8345,0.273,-0.5026,-0.2294,-0.2294,-1.0756
U001,21,9,19,25.15,0,0,0,9,0.8816,-0.0222,0.4579,-0.4873,-0.2236,-0.2236,0.5795
U001,22,8,25,0.0,1,0,0,10,-0.3381,0.6622,-1.4292,0.7692,-0.2182,-0.2182,0.9682
U001,23,9,0,15.47,1,0,0,7,0.8794,-2.2489,-0.2067,0.742,-0.2132,-0.2132,-0.2965
U001,24,8,10,12.78,0,0,0,8,-0.3702,-0.9183,-0.4027,-0.5519,-0.2085,-0.2085,0.1267
U001,25,8,25,37.24,1,0,0,10,-0.3617,0.723,1.4645,0.7522,-0.2041,-0.2041,0.9754
U001,26,9,18,27.01,2,0,0,6,0.9095,-0.0563,0.6155,2.0309,-0.2,-0.2,-0.7675
U001,27,9,32,20.18,1,0,0,8,0.8781,1.4914,0.0853,0.6155,-0.1961,-0.1961,0.1158
U001,28,9,16,25.88,0,0,0,15,0.8498,-0.3244,0.5213,-0.6462,-0.1924,-0.1924,3.1836
U001,29,8,30,12.44,0,0,0,0,-0.4579,1.2214,-0.5364,-0.6301,-0.189,-0.189,-3.048
U001,30,9,18,33.39,2,0,0,0,0.8521,-0.1392,1.1274,1.9335,-0.1857,-0.1857,-2.5965
U001,31,8,24,9.68,1,0,0,6,-0.4794,0.5291,-0.7769,0.5696,-0.1826,-0.1826,-0.4519
U001,32,8,21,15.46,0,0,0,5,-0.5525,0.2436,-0.2557,-0.6848,-0.1826,-0.1826,-0.76
U001,33,10,23,17.01,1,0,1,11,2.2736,0.4675,-0.1031,0.7826,-0.1826,5.2946,1.1239
U001,34,9,16,15.9,1,0,0,6,0.7323,-0.3542,-0.1975,0.7328,-0.1826,-0.1826,-0.4147
U001,35,9,34,11.08,0,0,0,3,0.7323,1.7314,-0.6563,-0.7826,-0.1826,-0.1826,-1.3083
U001,36,7,1,24.36,1,1,1,17,-1.8898,-2.1269,0.5026,0.7328,5.2946,5.2946,3.2298
U001,37,10,24,24.87,0,0,0,9,1.9664,0.6259,0.5053,-0.7826,-0.1826,-0.2628,0.5272
U001,38,10,15,8.08,2,0,0,7,1.8292,-0.3582,-0.9203,2.1523,-0.1826,-0.2628,-0.046
U001,39,11,24,13.67,0,0,0,7,3.0487,0.6581,-0.4707,-0.8288,-0.1826,-0.2628,-0.0369
U001,40,7,6,33.3,0,0,0,8,-1.6751,-1.5378,1.3142,-0.8288,-0.1826,-0.2628,0.2396
U001,41,7,17,6.19,0,0,0,7,-1.5404,-0.1971,-1.1481,-0.7826,-0.1826,-0.2628,-0.0747
U001,42,8,25,47.58,0,0,0,12,-0.463,0.7272,2.4604,-0.7826,-0.1826,-0.2628,1.3189
U001,43,8,18,21.86,1,0,0,8,-0.463,-0.1446,0.2421,0.6848,-0.1826,-0.2628,0.1546
U001,44,8,18,13.87,0,0,0,6,-0.4306,-0.1613,-0.4914,-0.8347,-0.1826,-0.2628,-0.3761
U001,45,10,0,0.0,1,0,0,3,1.5755,-2.303,-1.7851,0.6383,-0.1826,-0.2628,-1.1898
U001,46,7,13,6.39,0,0,0,14,-1.5211,-0.5768,-1.0976,-0.8893,-0.1826,-0.2628,1.835
U001,47,8,20,12.05,1,1,0,5,-0.4797,0.2046,-0.5397,0.5929,5.2946,-0.2628,-0.6451
U001,48,8,23,4.84,0,0,0,10,-0.448,0.5773,-1.216,-0.8893,-0.2628,-0.2628,0.6666
U001,49,8,21,44.76,0,0,1,4,-0.4957,0.322,2.4517,-0.8347,-0.2628,3.6788,-0.9469
U001,50,7,34,4.57,0,0,0,5,-1.4872,1.829,-1.1804,-0.8347,-0.2628,-0.3277,-0.6508
U001,51,7,33,0.0,0,0,0,14,-1.408,1.5592,-1.4797,-0.8347,-0.2628,-0.3277,1.6612
U001,52,9,19,17.18,0,0,0,13,0.5608,-0.05,-0.0119,-0.8347,-0.2628,-0.3277,1.305
U001,53,7,25,24.23,2,0,0,7,-1.3363,0.618,0.5183,2.1523,-0.2628,-0.3277,-0.1925
U001,54,7,24,49.76,1,0,0,10,-1.2446,0.4544,2.5762,0.5953,-0.2628,-0.3277,0.5294
U001,55,8,27,45.03,0,0,0,11,-0.2964,0.7664,1.8983,-0.8288,-0.2628,-0.3277,0.7505
U001,56,9,0,17.01,1,0,0,8,0.5929,-2.4452,-0.1925,0.5953,-0.2628,-0.3277,0.0238
U001,57,7,9,8.27,1,0,0,11,-1.1858,-1.1948,-0.8004,0.6848,-0.2628,-0.3277,0.7255
U001,58,8,21,30.3,0,0,0,2,-0.2334,0.1892,0.8106,-0.7826,-0.2628,-0.3277,-1.4384
U001,59,9,14,21.36,1,0,0,14,0.6754,-0.5941,0.1601,0.6848,-0.2628,-0.3277,1.5349
U001,60,9,24,6.71,1,0,0,11,0.6418,0.5684,-0.9039,0.6383,-0.2628,-0.3277,0.7168
U002,1,8,31,37.91,1,0,1,1,0.0,0.0,0.0,0.0,0.0,0.0,0.0
U002,2,9,29,33.36,0,0,1,0,1.0,-2.0,-4.55,-1.0,0.0,0.0,-1.0
U002,3,8,27,39.63,1,1,0,1,-0.7071,-2.1213,1.2417,0.7071,1.0,-1.0,0.7071
U002,4,8,23,55.37,1,0,1,4,-0.5773,-3.0,5.6806,0.5773,-0.5773,0.5773,5.7735
U002,5,6,30,15.51,1,0,0,6,-4.5,0.7319,-2.7216,0.5,-0.5,-1.5,2.5981
U002,6,10,27,53.59,1,0,0,1,2.0083,-0.3162,1.205,0.4472,-0.4472,-1.0954,-0.5578
U002,7,9,25,57.1,0,0,0,2,0.627,-0.9915,1.2241,-2.0412,-0.4082,-0.9129,-0.0719
U002,8,7,38,63.64,0,0,0,3,-1.0256,3.7487,1.463,-1.4638,-0.378,-0.8018,0.4051
U002,9,7,15,0.0,1,0,1,1,-0.9026,-3.0159,-2.8092,0.7246,-0.3536,1.2076,-0.6307
U002,10,8,17,77.05,0,0,0,2,0.0,-1.6328,1.7872,-1.3333,-0.3333,-0.8433,-0.0585
U002,11,8,29,39.95,0,0,0,9,0.0,0.4161,-0.146,-1.1619,-0.3162,-0.7746,3.8505
U002,12,8,19,25.54,2,0,2,3,0.0,-1.1576,-0.7979,2.7852,-0.3015,3.2434,0.1015
U002,13,10,20,19.36,1,0,0,5,1.9149,-0.8966,-1.0334,0.5118,-0.2887,-0.7416,0.8779
U002,14,11,34,19.22,1,0,0,4,2.4889,1.3386,-0.961,0.4881,-0.2773,-0.6991,0.4254
U002,15,8,28,46.74,0,0,0,8,-0.2673,0.3031,0.392,-1.1686,-0.2673,-0.6632,2.0412
U002,16,9,16,19.21,0,0,0,4,0.5164,-1.5885,-0.9535,-1.0801,-0.2582,-0.6325,0.2478
U002,17,8,36,81.04,1,0,0,3,-0.298,1.5758,2.106,0.6057,-0.25,-0.6057,-0.144
U002,18,6,29,39.05,0,0,1,4,-1.9259,0.4156,-0.0532,-1.0672,-0.2425,1.0672,0.2564
U002,19,8,33,53.16,1,0,1,7,-0.1698,0.9939,0.5937,0.64,-0.2357,1.0056,1.4722
U002,20,7,17,21.99,1,0,0,5,-0.9511,-1.4266,-0.8799,0.6168,-0.2294,-0.6937,0.5631
U002,21,8,25,9.68,0,0,1,5,-0.1183,-0.1663,-1.4197,-1.1071,-0.2236,1.0029,0.5451
U002,22,8,39,32.9,0,0,0,4,-0.1155,1.9133,-0.2562,-1.05,-0.2182,-0.7171,0.1175
U002,23,8,29,31.22,1,0,0,3,-0.113,0.3249,-0.3291,0.693,-0.2132,-0.693,-0.3063
U002,24,9,11,24.38,1,1,0,5,0.7372,-2.2589,-0.6494,0.6712,4.5873,-0.6712,0.5611
U002,25,8,6,48.09,0,0,1,6,-0.1428,-2.664,0.5214,-1.0855,-0.2952,1.0855,0.983
U002,26,6,23,46.55,0,0,0,6,-1.8896,-0.2755,0.4324,-1.0392,-0.2889,-0.6928,0.9451
U002,27,6,33,46.58,0,0,0,4,-1.7345,0.9403,0.4243,-0.9985,-0.2831,-0.6735,0.0338
U002,28,9,23,21.6,0,0,0,2,0.8062,-0.3057,-0.8587,-0.9622,-0.2776,-0.6557,-0.8618
U002,29,8,35,40.94,1,0,0,5,-0.029,1.1819,0.1591,0.8058,-0.2724,-0.6392,0.5141
U002,30,7,28,57.58,0,0,0,5,-0.8552,0.2751,1.0248,-0.964,-0.2674,-0.624,0.5031
U002,31,7,42,33.91,0,0,0,1,-0.8309,2.0164,-0.2446,-0.9335,-0.2628,-0.6097,-1.3552
U002,32,7,34,29.56,0,0,0,4,-0.7942,0.9177,-0.4642,-0.8736,-0.2628,-0.5608,0.0308
U002,33,6,32,49.07,1,1,0,5,-1.5658,0.6547,0.558,0.8736,3.6788,-0.512,0.4591
U002,34,8,21,78.74,1,0,0,4,0.1321,-0.6386,2.0738,0.8736,-0.2628,-0.512,-0.1023
U002,35,8,6,30.11,0,0,0,2,0.1321,-2.3522,-0.4555,-0.8736,-0.2628,-0.463,-1.1255
U002,36,8,15,52.8,0,0,0,5,0.0824,-1.1303,0.6426,-0.8168,-0.2628,-0.463,0.4752
U002,37,9,33,35.74,1,0,0,2,1.017,0.803,-0.2073,0.9971,-0.2628,-0.463,-1.1685
U002,38,7,35,36.75,1,0,0,6,-0.7264,0.9726,-0.1229,0.9335,-0.2628,-0.463,0.956
U002,39,10,27,22.69,1,0,1,3,1.8886,0.1629,-0.811,0.8736,-0.2628,1.5211,-0.6855
U002,40,8,20,34.2,0,0,0,8,0.0555,-0.6196,-0.2677,-0.8736,-0.2628,-0.463,2.0078
U002,41,6,30,25.42,0,0,0,4,-1.6091,0.4357,-0.734,-0.8736,-0.2628,-0.463,-0.3031
U002,42,8,31,25.77,0,0,1,7,0.1065,0.5386,-0.6781,-0.8736,-0.2628,1.5211,1.5538
U002,43,8,35,65.56,0,0,1,3,0.1065,0.9289,1.6976,-0.8598,-0.2628,1.9664,-0.8932
U002,44,9,10,61.75,1,0,0,7,1.0117,-1.8053,1.3437,1.2042,-0.2628,-0.5424,1.4587
U002,45,8,22,4.35,1,0,0,4,0.2544,-0.4179,-2.0701,1.2042,-0.2628,-0.5424,-0.3158
U002,46,9,9,27.99,2,0,0,1,1.2083,-1.7297,-0.5809,3.1084,-0.2628,-0.5424,-2.0497
U002,47,9,18,6.08,0,0,0,3,1.2083,-0.7577,-1.8124,-0.8736,-0.2628,-0.5424,-0.7459
U002,48,9,20,6.07,0,0,0,3,1.1498,-0.5048,-1.7578,-0.8168,-0.2628,-0.5424,-0.7459
U002,49,9,36,56.94,1,0,1,4,1.088,1.1286,1.1879,0.9335,-0.2628,1.9664,-0.1664
U002,50,7,20,35.53,1,1,0,2,-0.8476,-0.4794,0.0016,0.9335,3.6788,-0.4916,-1.2716
U002,51,9,24,36.09,0,0,2,0,1.0359,-0.0932,0.0076,-0.8168,-0.3277,4.4244,-2.3183
U002,52,8,29,32.19,0,0,0,6,0.0617,0.4092,-0.2664,-0.8168,-0.3277,-0.463,1.0817
U002,53,9,15,45.89,2,0,0,2,0.9871,-0.9868,0.521,2.6837,-0.3277,-0.463,-1.0269
U002,54,9,23,44.69,1,0,0,2,0.941,-0.1121,0.4231,0.794,-0.3277,-0.463,-0.9964
U002,55,11,24,38.34,0,0,0,6,2.7624,-0.0526,0.0211,-0.794,-0.2628,-0.463,1.0691
U002,56,7,31,14.64,0,0,0,7,-0.8673,0.6679,-1.3344,-0.794,-0.2628,-0.413,1.5703
U002,57,8,28,40.55,0,0,1,5,-0.0844,0.2963,0.2245,-0.794,-0.2628,1.6521,0.5392
U002,58,9,14,45.61,1,0,1,5,0.7462,-1.2747,0.525,0.794,-0.2628,1.5211,0.5203
U002,59,8,25,14.52,0,0,0,1,-0.1492,0.0111,-1.301,-0.8482,-0.2628,-0.512,-1.4976
U002,60,6,22,10.91,0,0,0,3,-1.9402,-0.2913,-1.4198,-0.794,-0.2628,-0.512,-0.4306
U003,1,8,36,111.91,0,0,0,3,0.0,0.0,0.0,0.0,0.0,0.0,0.0
U003,2,8,1,121.51,0,0,0,0,0.0,-35.0,9.6,0.0,0.0,0.0,-3.0
U003,3,10,23,107.3,0,0,0,5,2.0,0.1818,-1.3862,0.0,0.0,0.0,1.6499
U003,4,9,20,90.9,0,0,0,1,0.2887,0.0,-3.1275,0.0,0.0,0.0,-0.6623
U003,5,9,28,110.6,0,0,0,0,0.2611,0.5538,0.2107,0.0,0.0,0.0,-1.0147
U003,6,9,13,71.54,0,0,0,6,0.239,-0.661,-3.3125,0.0,0.0,0.0,1.9373
U003,7,7,19,91.19,1,0,0,6,-2.4354,-0.096,-0.6147,1.0,0.0,0.0,1.3522
U003,8,10,16,116.56,1,0,0,5,1.4638,-0.3602,0.9317,2.2678,0.0,0.0,0.7385
U003,9,7,31,65.86,1,0,1,2,-1.6907,1.1081,-2.2026,1.6202,0.0,1.0,-0.4799
U003,10,8,17,74.31,0,0,0,11,-0.4915,-0.3619,-1.2215,-0.6667,0.0,-0.3333,3.1912
U003,11,9,19,116.94,0,0,0,9,0.4629,-0.1412,1.0254,-0.6211,0.0,-0.3162,1.4938
U003,12,9,39,74.97,0,0,0,9,0.4389,1.9894,-1.1421,-0.5839,0.0,-0.3015,1.2932
U003,13,9,10,58.01,0,0,1,6,0.4183,-1.1294,-1.8695,-0.5528,0.0,3.1754,0.3405
U003,14,8,8,79.46,0,1,1,3,-0.6405,-1.2243,-0.6188,-0.5262,1.0,2.2532,-0.5227
U003,15,10,16,101.17,0,0,0,11,1.5236,-0.3734,0.4135,-0.5032,-0.2673,-0.5032,1.8331
U003,16,11,19,77.01,0,0,0,4,2.391,-0.0707,-0.7531,-0.483,-0.2582,-0.483,-0.3079
U003,17,8,21,72.67,0,0,0,4,-0.7329,0.1309,-0.9275,-0.4651,-0.25,-0.4651,-0.2978
U003,18,10,21,69.0,2,0,0,3,1.1318,0.1272,-1.0569,4.6406,-0.2425,-0.4491,-0.5774
U003,19,9,26,76.1,0,0,1,5,0.1518,0.6542,-0.6513,-0.4835,-0.2357,2.1731,0.0327
U003,20,8,7,77.02,1,0,0,3,-0.7886,-1.4195,-0.5821,1.3112,-0.2294,-0.5026,-0.5745
U003,21,8,0,99.64,1,0,2,12,-0.7574,-2.0549,0.576,1.2254,-0.2236,4.386,2.2236
U003,22,8,26,103.36,0,0,0,6,-0.7296,0.7296,0.7489,-0.5773,-0.2182,-0.5096,0.2431
U003,23,10,7,92.18,0,0,0,4,1.2333,-1.1837,0.1435,-0.5603,-0.2132,-0.4954,-0.343
U003,24,12,12,78.14,0,0,0,6,3.086,-0.6304,-0.6039,-0.5446,-0.2085,-0.4824,0.2576
U003,25,8,13,92.77,1,0,0,6,-0.7558,-0.5124,0.1997,1.2878,-0.2041,-0.4703,0.2521
U003,26,6,18,97.46,0,0,0,2,-2.3972,0.0081,0.4531,-0.5747,-0.2,-0.4591,-0.9875
U003,27,9,29,94.67,2,0,0,3,0.1768,1.1484,0.2872,3.0818,-0.1961,-0.4486,-0.6418
U003,28,9,8,97.86,0,0,2,2,0.1735,-1.0658,0.4628,-0.5885,-0.1924,3.5108,-0.9379
U003,29,10,1,38.75,0,0,0,7,0.9654,-1.7467,-2.9554,-0.5747,-0.189,-0.4763,0.6606
U003,30,8,4,116.59,0,0,0,3,-0.6592,-1.332,1.4534,-0.5617,-0.1857,-0.4665,-0.6227
U003,31,8,0,80.3,0,0,0,5,-0.6436,-1.6655,-0.4473,-0.5496,-0.1826,-0.4572,0.032
U003,32,8,15,51.04,1,0,0,11,-0.6436,-0.0736,-1.9075,1.0992,-0.1826,-0.4572,1.9453
U003,33,8,7,88.02,0,0,0,10,-0.6436,-0.9615,0.1148,-0.5963,-0.1826,-0.4572,1.4843
U003,34,9,17,115.24,0,0,1,0,0.2168,0.1386,1.5755,-0.5963,-0.1826,1.2572,-1.689
U003,35,9,23,120.79,1,0,0,8,0.2168,0.7751,1.7542,1.0299,-0.1826,-0.5034,0.7657
U003,36,9,8,101.12,0,0,0,2,0.2168,-0.7865,0.7278,-0.6436,-0.1826,-0.5034,-1.1768
U003,37,9,11,74.99,0,0,0,8,0.2168,-0.4458,-0.6034,-0.6436,-0.1826,-0.5034,0.7398
U003,38,8,20,116.13,0,1,0,6,-0.6745,0.5299,1.4365,-0.5963,5.2946,-0.5034,0.1018
U003,39,10,27,65.68,0,0,0,2,1.0803,1.2471,-1.0292,-0.5496,-0.2628,-0.5034,-1.1311
U003,40,10,35,78.28,2,0,0,7,1.017,2.1453,-0.4124,2.8525,-0.2628,-0.4572,0.3974
U003,41,10,20,73.93,0,0,0,5,0.9522,0.4422,-0.6338,-0.5483,-0.2628,-0.4572,-0.1813
U003,42,8,0,134.15,1,0,0,1,-0.796,-1.5538,2.4754,0.9471,-0.2628,-0.4572,-1.4493
U003,43,9,13,63.86,1,0,1,7,0.0844,-0.1381,-1.0947,0.8893,-0.2628,1.2572,0.5941
U003,44,10,7,116.71,0,0,0,4,0.9285,-0.789,1.3716,-0.6383,-0.2628,-0.4572,-0.387
U003,45,9,3,99.87,1,0,0,2,0.028,-1.2086,0.5062,0.8347,-0.1826,-0.4106,-1.0493
U003,46,10,22,139.2,0,0,0,7,0.9098,0.8382,2.3125,-0.6848,-0.1826,-0.4106,0.7041
U003,47,10,18,118.29,0,0,0,6,0.9778,0.4092,1.1659,-0.6848,-0.1826,-0.4106,0.3273
U003,48,10,6,118.25,0,0,0,3,0.9152,-0.8234,1.0877,-0.6848,-0.1826,-0.4106,-0.7114
U003,49,8,19,116.36,0,1,0,2,-0.8562,0.5772,0.9381,-0.6436,5.2946,-0.4106,-1.0502
U003,50,7,5,82.2,1,0,0,1,-1.6919,-0.8713,-0.5501,0.9655,-0.2628,-0.3631,-1.3308
U003,51,1,159,345.62,3,1,1,75,-6.6685,15.4127,10.5107,4.1837,3.6788,1.4523,22.8003
U003,52,18,162,446.95,3,1,3,36,5.0095,5.1135,6.6638,3.2643,2.9496,6.1443,2.2058
U003,53,19,176,315.4,3,0,4,33,3.97,3.9836,2.4684,2.7108,-0.3856,5.3989,1.764
U003,54,21,125,357.87,4,0,2,47,3.7633,2.0361,2.6491,3.3527,-0.3856,1.6521,2.5604
U003,55,23,149,453.62,2,0,2,34,3.576,2.3152,3.2769,1.0374,-0.3856,1.5211,1.4441
U003,56,22,101,274.23,2,0,0,47,2.6685,1.1756,1.1423,0.9913,-0.3856,-0.512,2.1127
U003,57,21,102,414.02,4,1,2,44,2.1207,1.1206,2.2755,2.6168,2.5067,1.408,1.7329
U003,58,18,147,390.59,3,1,0,32,1.3323,1.8491,1.8386,1.5648,2.1985,-0.5608,0.9499
U003,59,22,164,383.42,3,1,1,35,1.9883,1.9722,1.6228,1.4456,1.9664,0.448,1.0492
U003,60,23,129,376.34,2,0,2,57,1.977,1.2292,1.4469,0.6097,-0.5424,1.3782,2.133
U004,1,10,27,43.54,1,0,0,8,0.0,0.0,0.0,0.0,0.0,0.0,0.0
U004,2,7,47,65.59,0,0,0,9,-3.0,20.0,22.05,-1.0,0.0,0.0,1.0
U004,3,9,28,61.72,2,0,0,9,0.2357,-0.6364,0.4589,2.1213,0.0,0.0,0.7071
U004,4,6,38,88.74,0,0,0,7,-1.7457,0.3549,2.7001,-1.0,0.0,0.0,-2.8867
U004,5,9,33,67.88,1,0,0,8,0.5477,-0.2124,0.1606,0.2611,0.0,0.0,-0.2611
U004,6,7,44,78.58,1,0,0,11,-0.7303,1.1458,0.8107,0.239,0.0,0.0,3.3466
U004,7,6,40,67.94,0,0,0,8,-1.291,0.4629,0.0172,-1.107,0.0,0.0,-0.4879
U004,8,10,32,40.16,0,0,0,7,1.4254,-0.6125,-1.9605,-0.9449,0.0,0.0,-1.235
U004,9,9,24,58.24,0,0,0,7,0.5916,-1.6569,-0.3709,-0.84,0.0,0.0,-1.0557
U004,10,10,50,76.39,0,0,0,7,1.1689,1.9149,0.834,-0.7647,0.0,0.0,-0.9389
U004,11,8,24,78.67,0,0,1,6,-0.1833,-1.3809,0.9186,-0.7071,0.0,1.0,-1.6321
U004,12,7,42,80.77,0,0,0,9,-0.8184,0.7388,0.9865,-0.6611,0.0,-0.3015,0.7933
U004,13,9,35,68.87,1,0,0,9,0.5455,-0.0832,0.1028,0.8725,0.0,-0.2887,0.7416
U004,14,8,40,53.58,0,0,1,8,-0.1559,0.4989,-0.982,-0.6991,0.0,3.3282,-0.0583
U004,15,8,32,62.62,0,0,1,7,-0.1505,-0.4776,-0.2738,-0.6632,0.0,2.3604,-0.8444
U004,16,7,41,67.07,1,1,1,8,-0.8739,0.6473,0.0625,0.9487,1.0,1.9322,0.0
U004,17,9,27,72.45,0,0,0,7,0.6433,-1.137,0.4698,-0.6954,-0.25,-0.559,-0.8257
U004,18,7,29,64.57,0,0,0,8,-0.8819,-0.8137,-0.1611,-0.6659,-0.2425,-0.5381,0.0491
U004,19,9,24,69.77,0,0,0,9,0.6716,-1.4072,0.261,-0.64,-0.2357,-0.5195,0.9086
U004,20,7,31,65.61,0,0,0,9,-0.8891,-0.4404,-0.0893,-0.6168,-0.2294,-0.5026,0.866
U004,21,8,40,72.38,0,0,0,11,-0.0773,0.7044,0.4867,-0.5961,-0.2236,-0.4873,2.5743
U004,22,9,48,63.2,1,0,0,9,0.7174,1.6997,-0.3208,1.1547,-0.2182,-0.4734,0.628
U004,23,6,42,53.59,0,0,0,8,-1.7149,0.8238,-1.1622,-0.6258,-0.2132,-0.4606,-0.179
U004,24,8,39,65.3,1,0,0,10,-0.0335,0.424,-0.0764,1.1386,-0.2085,-0.4487,1.4358
U004,25,7,9,62.24,0,0,0,5,-0.8217,-3.358,-0.3495,-0.6513,-0.2041,-0.4378,-2.5967
U004,26,8,17,61.21,1,0,0,7,0.0,-1.8682,-0.4361,1.1255,-0.2,-0.4276,-0.8258
U004,27,8,31,55.75,1,0,0,8,0.0,-0.2998,-0.9339,1.0775,-0.1961,-0.4181,-0.0827
U004,28,10,33,86.87,3,0,0,8,1.6543,-0.0878,2.0001,4.5294,-0.1924,-0.4092,-0.0812
U004,29,6,13,74.45,1,0,0,8,-1.6637,-2.1866,0.7326,0.6708,-0.189,-0.4009,-0.0798
U004,30,7,35,83.52,0,0,0,9,-0.7802,0.1874,1.5249,-0.7011,-0.1857,-0.393,0.6799
U004,31,6,30,82.46,0,0,0,7,-1.5454,-0.3183,1.3505,-0.6839,-0.1826,-0.3856,-0.8678
U004,32,8,38,52.14,0,1,0,10,0.1321,0.4782,-1.4929,-0.639,5.2946,-0.3856,1.437
U004,33,8,42,69.23,0,0,0,9,0.1065,0.9409,0.1191,-0.639,-0.2628,-0.3856,0.6383
U004,34,6,34,64.41,0,0,0,8,-1.4856,0.0585,-0.3338,-0.5929,-0.2628,-0.3856,-0.0982
U004,35,6,41,74.73,1,0,0,10,-1.4856,0.7977,0.7049,0.8893,-0.2628,-0.3856,1.3669
U004,36,6,43,76.42,0,0,1,7,-1.3783,0.9671,0.8373,-0.5929,-0.2628,2.5067,-0.8926
U004,37,7,42,74.01,0,0,0,6,-0.5424,0.8711,0.6205,-0.5483,-0.2628,-0.4397,-1.6205
U004,38,6,50,61.86,0,0,0,6,-1.3783,1.6783,-0.551,-0.5483,-0.2628,-0.4397,-1.5045
U004,39,10,49,58.27,0,0,0,8,1.9664,1.4491,-1.091,-0.5483,-0.2628,-0.4397,0.0
U004,40,6,47,86.76,0,0,0,7,-1.2834,1.1539,1.9736,-0.5483,-0.2628,-0.4397,-0.7506
U004,41,9,33,59.73,0,0,0,8,1.2247,-0.1889,-0.923,-0.5483,-0.2628,-0.4397,-0.0242
U004,42,6,29,63.71,1,0,1,8,-1.2246,-0.6213,-0.454,0.9471,-0.2628,2.5067,-0.0756
U004,43,6,17,70.94,0,0,0,5,-1.172,-1.7779,0.3573,-0.5929,-0.2628,-0.4397,-2.3386
U004,44,9,39,43.89,0,0,0,7,1.2541,0.456,-2.5041,-0.5483,-0.2628,-0.4397,-0.6607
U004,45,6,24,65.51,0,0,0,9,-1.0986,-0.9675,-0.1774,-0.5483,-0.2628,-0.3856,0.7732
U004,46,11,23,35.42,3,0,0,8,2.7407,-1.022,-3.1709,3.9381,-0.2628,-0.3277,0.0234
U004,47,11,46,59.6,0,0,0,6,2.3653,1.1805,-0.5789,-0.5303,-0.1826,-0.2628,-1.3792
U004,48,8,38,77.4,0,0,0,8,0.2724,0.372,0.9848,-0.5303,-0.1826,-0.2628,0.0456
U004,49,6,43,63.35,2,0,1,6,-1.0071,0.8031,-0.253,1.9171,-0.1826,3.6788,-1.3237
U004,50,6,24,72.23,0,0,0,7,-0.9422,-1.0013,0.5152,-0.5807,-0.1826,-0.3277,-0.5602
U004,51,9,36,64.16,1,0,0,8,0.9505,0.1241,-0.1845,0.5807,-0.1826,-0.3277,0.1579
U004,52,10,31,63.23,0,0,1,9,1.5293,-0.3191,-0.2406,-0.6199,-0.1826,2.9496,0.9894
U004,53,11,30,75.85,0,0,0,9,2.0683,-0.3682,0.8253,-0.5807,-0.1826,-0.3856,0.9894
U004,54,6,43,75.86,0,1,0,9,-0.9634,0.8935,0.7708,-0.5807,5.2946,-0.3856,0.95
U004,55,9,41,69.69,1,0,0,7,0.7633,0.6859,0.2126,0.6199,-0.2628,-0.3856,-0.5044
U004,56,8,45,64.49,0,0,0,7,0.1664,1.059,-0.2483,-0.5807,-0.2628,-0.3856,-0.5963
U004,57,7,27,66.04,2,0,1,8,-0.3882,-0.9352,-0.1268,1.7822,-0.2628,2.5067,0.2168
U004,58,7,31,81.69,1,0,0,8,-0.369,-0.4841,1.1956,0.5554,-0.2628,-0.4397,0.2168
U004,59,6,25,55.87,1,0,0,7,-0.8925,-1.1146,-1.0472,0.7323,-0.2628,-0.4397,-0.5963
U004,60,7,40,46.91,1,0,0,8,-0.3228,0.4792,-1.7658,0.7323,-0.2628,-0.4397,0.2427
U005,1,10,12,0.0,0,0,0,7,0.0,0.0,0.0,0.0,0.0,0.0,0.0
U005,2,8,35,46.02,1,0,0,8,-2.0,23.0,46.02,1.0,0.0,0.0,1.0
U005,3,9,21,33.64,0,0,0,3,0.0,-0.1537,0.3267,-0.7071,0.0,0.0,-6.364
U005,4,9,26,47.61,0,0,0,4,0.0,0.2876,0.8842,-0.5773,0.0,0.0,-0.7559
U005,5,10,17,24.63,0,0,1,6,1.2247,-0.6764,-0.3251,-0.5,0.0,1.0,0.21
U005,6,9,28,46.13,0,0,0,6,-0.239,0.658,0.8111,-0.4472,0.0,-0.4472,0.1929
U005,7,9,48,56.35,1,1,0,4,-0.2214,3.0167,1.2606,2.0412,1.0,-0.4082,-0.8951
U005,8,10,40,35.27,0,0,0,7,1.2421,1.105,-0.0561,-0.5855,-0.378,-0.378,0.8669
U005,9,9,28,39.82,0,0,0,6,-0.3536,-0.031,0.2046,-0.5401,-0.3536,-0.3536,0.2121
U005,10,9,13,26.77,1,0,1,6,-0.3333,-1.3566,-0.594,1.7638,-0.3333,2.6667,0.201
U005,11,10,14,48.81,0,0,0,6,1.2649,-1.0933,0.8281,-0.6211,-0.3162,-0.4743,0.1914
U005,12,9,22,52.16,0,0,0,8,-0.4217,-0.3093,0.9819,-0.5839,-0.3015,-0.4495,1.526
U005,13,9,33,29.33,0,0,0,8,-0.4022,0.6809,-0.5645,-0.5528,-0.2887,-0.4282,1.3318
U005,14,8,28,12.28,0,0,0,4,-2.0542,0.189,-1.6683,-0.5262,-0.2773,-0.4097,-1.2938
U005,15,8,24,68.37,0,0,1,8,-1.7238,-0.1959,2.0507,-0.5032,-0.2673,2.3604,1.2637
U005,16,8,38,44.2,0,0,0,8,-1.5157,1.1829,0.3639,-0.483,-0.2582,-0.483,1.1593
U005,17,9,28,47.98,0,0,0,5,0.0,0.1273,0.5735,-0.4651,-0.25,-0.4651,-0.706
U005,18,9,27,36.48,1,0,0,7,0.0,0.0236,-0.1384,2.0957,-0.2425,-0.4491,0.5335
U005,19,9,24,23.42,0,0,0,5,0.0,-0.2868,-0.9422,-0.5195,-0.2357,-0.4346,-0.7211
U005,20,9,29,16.06,0,0,0,5,0.0,0.251,-1.3536,-0.5026,-0.2294,-0.4215,-0.693
U005,21,9,42,38.65,1,0,0,6,0.0,1.6578,0.1148,1.9494,-0.2236,-0.4094,-0.0318
U005,22,9,13,30.67,0,0,0,7,0.0,-1.5137,-0.3866,-0.5455,-0.2182,-0.3984,0.6216
U005,23,8,25,34.55,0,0,0,8,-1.6202,-0.185,-0.1292,-0.5299,-0.2132,-0.3882,1.2651
U005,24,9,22,31.44,0,0,0,9,0.0681,-0.4931,-0.3295,-0.5155,-0.2085,-0.3788,1.8506
U005,25,9,13,40.39,0,0,0,7,0.0668,-1.433,0.2739,-0.5022,-0.2041,-0.37,0.4424
U005,26,8,31,62.84,0,0,1,4,-1.5712,0.5187,1.793,-0.4899,-0.2,2.6533,-1.4742
U005,27,9,26,24.87,0,0,0,7,0.1226,-0.0203,-0.8212,-0.4785,-0.1961,-0.4181,0.4785
U005,28,10,39,37.31,1,0,0,4,1.7449,1.3763,0.021,2.0584,-0.1924,-0.4092,-1.4268
U005,29,8,33,46.58,1,0,0,6,-1.5132,0.6725,0.6412,1.8803,-0.189,-0.4009,-0.1108
U005,30,9,21,22.67,0,0,2,7,0.106,-0.6265,-0.9922,-0.5543,-0.1857,5.3061,0.5229
U005,31,9,41,54.23,1,0,0,5,0.1042,1.5485,1.1776,1.7822,-0.1826,-0.413,-0.768
U005,32,10,20,39.8,0,0,0,3,1.8109,-0.831,0.0861,-0.5929,-0.1826,-0.413,-1.996
U005,33,9,16,28.21,2,0,0,8,0.0542,-1.2129,-0.7706,4.1068,-0.1826,-0.413,1.2481
U005,34,9,55,22.54,0,0,2,8,0.0542,3.0019,-1.1747,-0.5608,-0.1826,3.7172,1.1891
U005,35,9,43,13.33,0,0,0,6,0.0542,1.4154,-1.7768,-0.5608,-0.1826,-0.4572,-0.1718
U005,36,9,31,34.17,0,0,1,8,0.1143,0.2041,-0.2046,-0.5608,-0.1826,1.349,1.1167
U005,37,10,34,20.44,1,0,0,7,1.8287,0.4728,-1.1596,1.3085,-0.1826,-0.4572,0.4212
U005,38,9,25,38.96,0,0,0,6,0.0542,-0.3359,0.2545,-0.5608,0.0,-0.4572,-0.2843
U005,39,9,15,19.34,0,0,1,5,0.1143,-1.2934,-1.1778,-0.5608,0.0,1.2572,-0.9197
U005,40,10,35,30.42,0,0,0,9,1.8287,0.7299,-0.318,-0.5608,0.0,-0.5034,1.7076
U005,41,9,31,45.17,1,0,0,6,0.0542,0.2771,0.7244,1.408,0.0,-0.4572,-0.2893
U005,42,10,8,25.48,0,0,0,7,1.8287,-2.1609,-0.677,-0.5608,0.0,-0.4572,0.3306
U005,43,9,42,43.27,0,0,0,3,0.0542,1.329,0.6804,-0.5608,0.0,-0.4572,-2.1586
U005,44,9,16,1.11,2,0,0,7,0.0542,-1.1973,-2.4372,3.1777,0.0,-0.4572,0.4365
U005,45,9,46,37.28,1,0,0,8,0.0,1.6449,0.2203,1.0299,0.0,-0.4572,1.0026
U005,46,9,32,15.5,2,0,0,4,-0.0599,0.2698,-1.3576,2.5746,0.0,-0.4106,-1.4527
U005,47,9,45,33.93,0,0,0,8,-0.128,1.4587,0.1388,-0.6848,0.0,-0.4106,1.0679
U005,48,9,42,33.15,0,0,1,7,-0.128,1.1001,0.1182,-0.6848,0.0,1.349,0.3997
U005,49,10,27,30.62,1,0,0,7,1.792,-0.2415,-0.0709,0.8347,0.0,-0.4572,0.3997
U005,50,9,17,43.89,1,0,0,6,-0.1826,-1.106,0.9557,0.7826,0.0,-0.4572,-0.242
U005,51,10,47,35.0,0,0,0,5,1.6432,1.4641,0.1843,-0.7328,0.0,-0.4572,-0.8775
U005,52,8,38,25.04,0,0,0,10,-1.9836,0.6835,-0.6039,-0.6848,0.0,-0.4572,2.1784
U005,53,10,19,27.85,0,0,0,6,1.4817,-0.9765,-0.3615,-0.6848,0.0,-0.4572,-0.2815
U005,54,10,42,28.88,1,0,0,4,1.4074,0.9757,-0.2612,0.7826,0.0,-0.4572,-1.3862
U005,55,9,8,15.08,2,0,0,7,-0.3277,-1.9112,-1.3514,2.1985,0.0,-0.4572,0.4213
U005,56,10,38,7.71,0,0,0,5,1.3109,0.5815,-1.8311,-0.7785,0.0,-0.4572,-0.7277
U005,57,8,25,47.52,2,0,0,4,-2.1716,-0.4895,1.4993,1.969,0.0,-0.4106,-1.349
U005,58,9,23,57.84,1,0,0,9,-0.3727,-0.6474,2.2157,0.4794,0.0,-0.4106,1.6001
U005,59,10,37,11.57,0,0,2,8,1.3109,0.5243,-1.4344,-0.828,0.0,3.1086,0.9222
U005,60,9,30,39.57,1,0,0,4,-0.4572,-0.0509,0.7317,0.5194,0.0,-0.4606,-1.3561
U006,1,9,28,71.27,2,0,0,4,0.0,0.0,0.0,0.0,0.0,0.0,0.0
U006,2,10,19,78.68,0,0,1,9,1.0,-9.0,7.41,-2.0,0.0,1.0,5.0
U006,3,9,13,121.99,1,0,0,15,-0.7071,-1.6499,8.9729,0.0,0.0,-0.7071,2.4042
U006,4,10,37,62.19,0,0,0,7,1.1547,2.2517,-1.0387,-1.0,0.0,-0.5773,-0.4237
U006,5,10,47,65.09,2,0,0,11,0.866,2.1667,-0.6957,1.3056,0.0,-0.5,0.4843
U006,6,8,33,113.87,1,0,0,12,-2.9212,0.3078,1.3948,0.0,0.0,-0.4472,0.6751
U006,7,10,28,105.46,0,0,0,18,0.8165,-0.1217,0.7711,-1.118,0.0,-0.4082,2.1469
U006,8,10,38,131.56,0,0,0,7,0.7263,0.7736,1.7427,-0.9527,0.0,-0.378,-0.8136
U006,9,11,22,65.83,0,1,0,13,1.9843,-0.7701,-1.0134,-0.8461,1.0,-0.3536,0.5711
U006,10,9,31,98.63,0,0,0,10,-0.7698,0.1475,0.2907,-0.7698,-0.3333,-0.3333,-0.1519
U006,11,8,40,72.44,0,0,0,9,-1.8974,1.0444,-0.7323,-0.7115,-0.3162,-0.3162,-0.3863
U006,12,9,32,62.3,0,0,0,11,-0.4866,0.1461,-1.0843,-0.665,-0.3015,-0.3015,0.1378
U006,13,12,44,46.26,1,0,0,5,2.8693,1.4036,-1.6224,0.6268,-0.2887,-0.2887,-1.4558
U006,14,8,15,96.54,1,0,0,10,-1.4412,-1.7001,0.4567,0.5946,-0.2773,-0.2773,-0.0196
U006,15,10,64,88.23,1,0,0,9,0.4309,3.2104,0.1184,0.5669,-0.2673,-0.2673,-0.2841
U006,16,9,48,52.31,1,0,0,11,-0.4739,1.151,-1.3179,0.5429,-0.2582,-0.2582,0.2744
U006,17,9,27,103.09,0,0,0,13,-0.4564,-0.5002,0.7736,-0.8695,-0.25,-0.25,0.8321
U006,18,9,35,60.21,0,0,0,9,-0.4408,0.1308,-0.9605,-0.8258,-0.2425,-0.2425,-0.3538
U006,19,8,24,104.2,0,0,0,17,-1.3867,-0.7414,0.8387,-0.7883,-0.2357,-0.2357,2.0099
U006,20,10,42,79.27,0,0,0,5,0.593,0.7288,-0.1986,-0.7554,-0.2294,-0.2294,-1.5111
U006,21,9,32,56.65,0,0,0,11,-0.3823,-0.1095,-1.1256,-0.7265,-0.2236,-0.2236,0.199
U006,22,9,16,76.03,0,0,0,10,-0.3722,-1.4379,-0.2721,-0.7007,-0.2182,-0.2182,-0.0777
U006,23,12,18,115.02,0,1,0,13,2.6307,-1.1792,1.3689,-0.6774,4.4772,-0.2132,0.7601
U006,24,10,32,88.08,0,0,0,11,0.4646,0.0105,0.1768,-0.6564,-0.3018,-0.2085,0.1714
U006,25,8,28,59.71,0,0,0,10,-1.3595,-0.3198,-1.0209,-0.6372,-0.2952,-0.2041,-0.1199
U006,26,9,41,91.37,0,0,0,10,-0.3925,0.7807,0.3524,-0.6197,-0.2889,-0.2,-0.1175
U006,27,10,25,33.42,0,0,0,12,0.5236,-0.6004,-2.138,-0.6035,-0.2831,-0.1961,0.4843
U006,28,9,24,122.29,1,0,0,9,-0.4092,-0.6714,1.6447,1.0005,-0.2776,-0.1924,-0.4396
U006,29,10,18,74.33,1,0,0,10,0.5345,-1.1753,-0.3366,0.9654,-0.2724,-0.189,-0.1214
U006,30,11,35,97.6,0,0,0,12,1.4706,0.3393,0.5955,-0.6592,-0.2674,-0.1857,0.5099
U006,31,11,38,68.43,1,0,0,8,1.3956,0.5962,-0.5915,0.9655,-0.2628,-0.1826,-0.7757
U006,32,10,47,98.41,1,0,0,11,0.3924,1.3502,0.6173,1.139,-0.2628,-0.1826,0.1478
U006,33,11,28,58.55,0,0,0,7,1.2979,-0.3871,-1.004,-0.7102,-0.2628,0.0,-1.245
U006,34,10,29,45.74,0,0,0,10,0.3248,-0.3613,-1.4707,-0.6594,-0.2628,0.0,-0.1277
U006,35,10,42,63.19,1,0,1,13,0.3248,0.8475,-0.7137,1.139,-0.2628,1.0,0.9045
U006,36,8,21,93.84,0,0,0,6,-1.4467,-1.0693,0.5141,-0.6952,-0.2628,-0.1826,-1.5977
U006,37,10,37,96.66,0,0,0,13,0.3248,0.4429,0.6707,-0.6436,-0.2628,-0.1826,0.907
U006,38,9,9,87.8,0,0,0,4,-0.561,-2.1314,0.323,-0.6436,-0.2628,-0.1826,-2.359
U006,39,10,27,67.8,1,0,0,12,0.3532,-0.3805,-0.4853,1.5018,-0.2628,-0.1826,0.6928
U006,40,10,37,54.42,0,0,0,9,0.3924,0.4613,-1.0941,-0.6952,-0.1826,-0.1826,-0.3743
U006,41,8,38,49.91,0,0,0,12,-1.4523,0.5282,-1.2263,-0.6952,-0.1826,-0.1826,0.7229
U006,42,10,43,128.41,1,0,0,13,0.3631,0.9658,2.2873,1.3904,-0.1826,-0.1826,1.0418
U006,43,11,25,46.18,1,0,1,8,1.2446,-0.604,-1.3246,1.2922,-0.1826,5.2946,-0.7658
U006,44,8,32,106.57,1,0,0,12,-1.5426,0.0429,1.1433,1.2922,-0.1826,-0.2628,0.6443
U006,45,11,25,53.39,2,0,0,15,1.3497,-0.6289,-1.0299,3.3324,-0.1826,-0.2628,1.7233
U006,46,10,43,47.22,0,0,0,13,0.3439,1.2818,-1.2142,-0.7102,-0.1826,-0.2628,0.8731
U006,47,10,21,127.79,1,0,0,8,0.3141,-1.0354,1.9802,1.139,-0.1826,-0.2628,-0.9091
U006,48,10,45,99.93,1,0,0,12,0.2843,1.5505,0.8095,1.0653,-0.1826,-0.2628,0.5476
U006,49,7,27,85.15,0,0,0,6,-2.6075,-0.3827,0.2032,-0.7625,-0.1826,-0.2628,-1.5842
U006,50,8,43,59.53,1,0,0,9,-1.5195,1.2544,-0.7458,0.9971,-0.1826,-0.2628,-0.4313
U006,51,8,38,94.63,0,0,1,7,-1.4091,0.7323,0.6109,-0.8168,-0.1826,3.6788,-1.302
U006,52,10,40,78.43,1,0,0,11,0.3356,0.9092,-0.0488,0.9335,-0.1826,-0.3277,0.3204
U006,53,10,34,62.98,0,0,0,9,0.3085,0.2239,-0.639,-0.8736,-0.1826,-0.3277,-0.4606
U006,54,9,27,73.0,2,0,1,9,-0.5131,-0.589,-0.1975,2.6208,0.0,2.9496,-0.4169
U006,55,10,23,49.87,0,0,0,6,0.422,-1.0014,-1.0831,-0.9051,0.0,-0.3856,-1.5627
U006,56,11,18,69.99,0,0,0,11,1.3085,-1.5055,-0.2799,-0.9051,0.0,-0.3856,0.4258
U006,57,9,21,93.25,1,0,0,3,-0.6097,-1.0811,0.6499,0.6922,0.0,-0.3856,-2.5845
U006,58,8,31,44.42,0,0,0,13,-1.4875,-0.0173,-1.3864,-0.9655,0.0,-0.3856,1.1645
U006,59,10,24,76.4,0,0,0,8,0.3532,-0.7748,0.0203,-0.9051,0.0,-0.3856,-0.5813
U006,60,10,38,69.14,0,0,1,13,0.3532,0.6867,-0.2862,-0.8482,0.0,2.5067,1.1118
U007,1,7,10,88.73,1,0,1,7,0.0,0.0,0.0,0.0,0.0,0.0,0.0
U007,2,8,25,54.65,2,0,0,1,1.0,15.0,-34.08,1.0,0.0,-1.0,-6.0
U007,3,12,31,96.62,0,0,0,7,6.364,1.2728,1.0345,-2.1213,0.0,-0.7071,0.7071
U007,4,7,19,42.95,0,0,0,9,-0.7559,-0.2774,-1.661,-1.0,0.0,-0.5773,1.1547
U007,5,8,23,45.8,1,0,0,8,-0.21,0.1954,-0.9599,0.2611,0.0,-0.5,0.5774
U007,6,9,6,68.84,0,0,0,9,0.2893,-2.0007,0.1231,-0.9562,0.0,-0.4472,0.8305
U007,7,10,12,49.87,0,0,1,5,0.8018,-0.7412,-0.7288,-0.8165,0.0,2.0412,-0.6122
U007,8,8,19,30.78,0,0,1,6,-0.3969,0.1109,-1.5452,-0.7263,0.0,1.4638,-0.2026
U007,9,7,8,67.17,1,0,0,7,-0.9644,-1.2116,0.3205,0.6614,0.0,-0.7246,0.1909
U007,10,9,3,92.35,4,0,0,3,0.3333,-1.6442,1.4625,4.7413,0.0,-0.6667,-1.4482
U007,11,8,18,64.86,1,0,0,1,-0.3162,0.2618,0.0476,0.0777,0.0,-0.6211,-2.0207
U007,12,8,15,63.56,1,0,0,6,-0.3015,-0.0938,-0.0145,0.0745,0.0,-0.5839,0.094
U007,13,9,10,53.98,1,0,0,9,0.4041,-0.6907,-0.4785,0.0716,0.0,-0.5528,1.1743
U007,14,11,10,84.55,0,0,0,6,1.8244,-0.653,1.0766,-0.8277,0.0,-0.5262,0.0
U007,15,10,33,60.01,0,1,1,10,0.9053,2.2769,-0.2307,-0.7796,1.0,1.8452,1.4875
U007,16,8,22,59.72,3,0,1,7,-0.4933,0.6548,-0.238,2.0327,-0.2582,1.6021,0.2629
U007,17,12,25,75.99,2,0,0,6,2.2881,0.9682,0.6403,0.8993,-0.25,-0.6528,-0.1157
U007,18,7,5,77.85,1,0,0,11,-1.1651,-1.372,0.7161,0.0,-0.2425,-0.6262,1.7986
U007,19,8,12,37.63,0,0,1,6,-0.4775,-0.4845,-1.5426,-0.879,-0.2357,1.567,-0.2006
U007,20,10,13,67.65,0,0,0,4,0.7929,-0.3549,0.1959,-0.8391,-0.2294,-0.6612,-0.9374
U007,21,6,15,94.44,1,0,0,6,-1.7765,-0.1112,1.6646,0.0893,-0.2236,-0.6381,-0.1491
U007,22,7,32,76.95,2,0,0,7,-1.0081,1.9322,0.5992,1.0038,-0.2182,-0.6172,0.2366
U007,23,7,24,55.02,0,0,1,6,-0.963,0.8345,-0.5972,-0.8757,-0.2132,1.5954,-0.16
U007,24,9,32,61.74,0,0,0,1,0.2902,1.7179,-0.2134,-0.8427,-0.2085,-0.6469,-2.1567
U007,25,10,16,82.02,1,0,1,5,0.9032,-0.174,0.9212,0.1162,-0.2041,1.5256,-0.4351
U007,26,10,18,37.39,0,0,1,4,0.871,0.0539,-1.6088,-0.8353,-0.2,1.4283,-0.8045
U007,27,7,39,85.88,0,0,0,10,-1.0346,2.4576,1.1324,-0.8085,-0.1961,-0.7135,1.5149
U007,28,6,20,61.69,1,1,0,9,-1.6209,0.1753,-0.2232,0.1782,5.0037,-0.6939,1.0522
U007,29,8,34,71.21,0,0,0,3,-0.3041,1.672,0.3053,-0.8051,-0.2724,-0.6758,-1.2267
U007,30,10,19,29.6,1,0,0,7,0.9381,0.0072,-2.0305,0.2041,-0.2674,-0.6592,0.3065
U007,31,6,0,55.8,1,0,1,9,-1.5704,-2.0043,-0.4719,0.2007,-0.2628,1.5018,1.0536
U007,32,6,11,65.61,1,1,0,9,-1.5099,-0.7649,0.1127,0.2007,3.6788,-0.6436,1.0113
U007,33,7,12,65.15,1,0,0,8,-0.8354,-0.6162,0.0678,0.2402,-0.3277,-0.6436,0.5738
U007,34,7,13,72.03,1,0,0,8,-0.7937,-0.4635,0.5357,0.208,-0.3277,-0.6436,0.558
U007,35,6,26,68.86,1,0,0,9,-1.4202,0.8934,0.2997,0.1755,-0.3277,-0.6436,0.9702
U007,36,8,7,89.23,1,0,0,5,-0.1213,-1.0597,1.4992,0.1755,-0.3277,-0.6436,-0.6099
U007,37,8,11,44.35,2,0,0,7,-0.1015,-0.6581,-1.2303,1.2094,-0.3277,-0.6436,0.2229
U007,38,12,15,66.14,1,0,0,10,2.43,-0.245,0.0603,0.0706,-0.3277,-0.5929,1.3839
U007,39,12,18,87.57,2,0,1,6,2.1457,0.0748,1.3346,1.1137,-0.3277,1.7822,-0.243
U007,40,8,26,73.89,0,0,0,7,-0.2141,0.871,0.422,-1.0561,-0.3277,-0.5929,0.1534
U007,41,6,16,34.9,0,0,0,10,-1.2684,-0.253,-1.9944,-1.1167,-0.3277,-0.5929,1.2973
U007,42,11,8,82.7,2,0,0,4,1.4102,-1.1001,1.0341,1.474,-0.3277,-0.5929,-1.2956
U007,43,8,23,87.92,1,0,1,11,-0.2025,0.5175,1.2849,0.1627,-0.3277,1.6304,1.6809
U007,44,7,20,69.59,1,0,0,1,-0.6924,0.1587,0.1424,0.1627,-0.3277,-0.6436,-2.4287
U007,45,11,10,49.85,0,0,0,7,1.4379,-0.9483,-0.9826,-1.1208,-0.3277,-0.6436,0.0491
U007,46,8,9,70.21,2,0,0,6,-0.1358,-1.0017,0.2272,1.3698,-0.2628,-0.5929,-0.2895
U007,47,9,9,57.21,1,1,0,7,0.3734,-0.9418,-0.5454,0.1826,3.6788,-0.5424,0.1006
U007,48,9,14,36.23,3,0,0,13,0.4529,-0.3374,-1.7252,3.1,-0.3277,-0.5424,2.3539
U007,49,7,24,59.0,1,1,0,10,-0.6731,0.7396,-0.3131,0.1245,2.9496,-0.5424,1.139
U007,50,10,19,51.88,2,0,0,5,0.9752,0.1342,-0.7803,1.359,-0.3856,-0.4916,-0.6939
U007,51,6,9,73.05,0,0,0,5,-1.1919,-1.0115,0.474,-1.2693,-0.3856,-0.4916,-0.7133
U007,52,7,0,43.78,1,0,0,8,-0.6501,-1.9703,-1.2262,0.0412,-0.3856,-0.4916,0.3662
U007,53,9,13,50.37,1,0,0,3,0.4334,-0.4064,-0.7517,0.0849,-0.3856,-0.4916,-1.4142
U007,54,9,10,48.24,1,0,2,10,0.3992,-0.6991,-0.8644,0.0436,-0.3856,4.8367,1.0629
U007,55,8,0,74.34,2,0,1,4,-0.1452,-1.8011,0.7001,1.3463,-0.3856,1.5211,-1.165
U007,56,10,8,84.13,0,0,1,4,0.9956,-0.7771,1.3071,-1.351,-0.3856,1.5211,-1.139
U007,57,10,26,78.8,0,0,0,8,0.9956,1.2198,0.9091,-1.351,-0.3856,-0.463,0.2997
U007,58,6,0,73.6,2,0,1,1,-1.2622,-1.7291,0.621,1.2638,-0.3856,1.5211,-2.2315
U007,59,9,27,48.14,2,0,1,5,0.3841,1.5476,-0.9543,1.1891,-0.3277,1.408,-0.6267
U007,60,10,19,80.79,1,0,0,4,0.9129,0.685,1.0651,-0.1718,-0.3277,-0.5608,-1.0151
U008,1,6,38,58.86,0,0,0,1,0.0,0.0,0.0,0.0,0.0,0.0,0.0
U008,2,12,27,51.25,2,1,0,1,6.0,-11.0,-7.61,2.0,1.0,0.0,0.0
U008,3,8,1,45.33,1,1,0,6,-0.2357,-4.0498,-1.8073,0.0,0.7071,0.0,5.0
U008,4,7,39,32.46,0,0,1,5,-0.5455,0.8947,-2.8534,-1.0,-1.1547,1.0,0.8083
U008,5,9,30,47.99,0,0,0,15,0.2852,0.212,0.091,-0.7833,-0.866,-0.5,4.4678
U008,6,10,19,35.02,2,0,0,3,0.695,-0.5191,-1.2578,1.5652,-0.7303,-0.4472,-0.454
U008,7,10,24,55.51,1,0,0,8,0.6172,-0.1177,1.039,0.1695,-0.6455,-0.4082,0.5416
U008,8,10,10,62.4,0,0,0,11,0.5615,-1.1917,1.5917,-0.9527,-0.5855,-0.378,1.1092
U008,9,10,39,37.29,0,0,1,3,0.5189,1.177,-1.0539,-0.8461,-0.5401,2.4749,-0.6605
U008,10,9,13,58.43,0,1,0,7,-0.0606,-0.915,1.0335,-0.7698,1.7638,-0.504,0.235
U008,11,7,14,48.14,2,0,0,3,-1.2147,-0.7591,-0.0293,1.6602,-0.6211,-0.4743,-0.6708
U008,12,7,21,21.99,1,0,0,8,-1.0859,-0.1626,-2.6036,0.3015,-0.5839,-0.4495,0.5239
U008,13,8,15,47.46,1,0,1,5,-0.425,-0.645,0.1004,0.2887,-0.5528,2.1409,-0.2189
U008,14,8,30,38.02,1,0,0,0,-0.4067,0.6435,-0.7028,0.2773,-0.5262,-0.5262,-1.4551
U008,15,10,12,50.44,1,0,0,0,0.8246,-0.9305,0.4079,0.2673,-0.5032,-0.5032,-1.3036
U008,16,9,31,56.79,0,1,0,10,0.1642,0.7652,0.9595,-1.0328,1.9322,-0.483,1.1607
U008,17,13,11,43.5,0,0,0,6,2.706,-1.0242,-0.2879,-0.9682,-0.559,-0.4651,0.1458
U008,18,14,15,37.59,0,0,0,5,2.7217,-0.6136,-0.825,-0.9147,-0.5381,-0.4491,-0.0991
U008,19,6,23,61.1,0,0,0,6,-1.5341,0.1241,1.4071,-0.8692,-0.5195,-0.4346,0.1516
U008,20,7,11,57.88,2,0,0,5,-0.9533,-0.9822,1.0082,1.7985,-0.5026,-0.4215,-0.1074
U008,21,12,8,31.44,1,0,0,4,1.3633,-1.2115,-1.4536,0.3744,-0.4873,-0.4094,-0.3668
U008,22,8,19,57.04,1,0,0,8,-0.5096,-0.139,0.9281,0.3645,-0.4734,-0.3984,0.7144
U008,23,8,36,55.99,0,0,0,4,-0.4954,1.4525,0.7958,-0.9478,-0.4606,-0.3882,-0.3945
U008,24,9,24,45.66,1,0,0,2,-0.0201,0.2621,-0.1637,0.3979,-0.4487,-0.3788,-0.9382
U008,25,7,5,26.3,1,0,0,0,-0.965,-1.5155,-1.9449,0.3886,-0.4378,-0.37,-1.4573
U008,26,9,26,77.2,1,0,0,2,0.0189,0.4914,2.6816,0.3799,-0.4276,-0.3618,-0.8262
U008,27,9,12,53.92,0,1,0,2,0.0186,-0.8141,0.4868,-1.0089,2.2997,-0.3541,-0.7999
U008,28,11,23,25.67,2,0,0,8,1.0043,0.2344,-1.7809,1.7904,-0.4678,-0.3469,0.8781
U008,29,11,22,28.9,0,0,0,1,0.9689,0.1354,-1.4066,-0.9979,-0.4578,-0.3402,-1.0883
U008,30,8,22,62.28,0,0,0,6,-0.5452,0.1331,1.193,-0.9642,-0.4485,-0.3338,0.3335
U008,31,10,26,50.19,0,0,1,4,0.4669,0.5234,0.2356,-0.9337,-0.4397,2.9496,-0.2339
U008,32,10,0,56.03,1,0,0,5,0.4169,-2.0873,0.7062,0.4002,-0.4397,-0.3856,0.0191
U008,33,8,29,45.74,1,0,0,0,-0.612,0.9355,-0.0903,0.4687,-0.3856,-0.3856,-1.4844
U008,34,11,23,32.32,1,1,0,2,1.0079,0.2746,-1.1087,0.4687,2.9496,-0.3856,-0.812
U008,35,10,32,61.55,1,0,0,2,0.3992,1.33,1.107,0.4272,-0.3856,-0.3277,-0.7752
U008,36,10,33,54.11,1,0,0,4,0.3802,1.4186,0.4989,0.3856,-0.3856,-0.3277,-0.1099
U008,37,11,39,64.66,1,0,0,7,0.9234,1.951,1.2495,0.4606,-0.3856,-0.3277,0.8712
U008,38,9,13,43.19,0,0,0,3,-0.1789,-0.7678,-0.3786,-1.0748,-0.3856,-0.3277,-0.4464
U008,39,10,0,19.3,2,0,0,3,0.3764,-2.0769,-2.1263,1.9961,-0.3856,-0.3277,-0.3928
U008,40,12,39,49.72,3,1,0,8,1.4518,1.9089,0.1847,3.2896,2.5067,-0.2628,1.4484
U008,41,13,26,41.98,0,0,0,8,1.8724,0.5183,-0.3431,-1.1167,-0.3856,-0.2628,1.4137
U008,42,9,11,39.23,3,0,1,0,-0.3037,-0.9264,-0.5231,2.8905,-0.3856,3.6788,-1.5025
U008,43,11,1,61.69,1,0,0,10,0.6952,-1.8084,1.0848,0.155,-0.3856,-0.3277,2.1033
U008,44,9,26,36.84,1,0,0,9,-0.4022,0.5233,-0.7922,0.155,-0.3856,-0.2628,1.5835
U008,45,10,16,53.98,1,0,0,12,0.1062,-0.3499,0.466,0.155,-0.3856,-0.2628,2.4532
U008,46,7,9,53.88,2,0,0,3,-1.4872,-0.9911,0.4487,1.3173,-0.3856,-0.2628,-0.5752
U008,47,10,20,53.85,1,0,0,2,0.137,0.0598,0.4555,0.0768,-0.3277,-0.2628,-0.846
U008,48,11,24,51.92,0,0,0,5,0.7398,0.3957,0.2884,-1.1369,-0.3277,-0.2628,0.1594
U008,49,11,0,53.88,4,0,0,0,0.8751,-1.8078,0.4005,3.5674,-0.3277,-0.2628,-1.4342
U008,50,7,18,64.27,1,0,0,0,-1.7341,-0.1007,1.1997,-0.1005,-0.3277,-0.2628,-1.3318
U008,51,12,38,46.6,1,0,0,0,1.4772,1.6187,-0.1342,-0.068,-0.3277,-0.2628,-1.2453
U008,52,11,15,28.37,1,0,0,6,0.835,-0.4589,-1.5556,-0.068,-0.3277,-0.2628,0.5876
U008,53,10,35,34.49,0,0,0,4,0.1298,1.248,-0.9886,-1.0881,-0.3277,-0.2628,0.0199
U008,54,6,22,47.82,0,0,0,4,-2.5735,0.1502,0.0409,-1.0881,-0.3277,-0.2628,0.0199
U008,55,10,22,46.48,0,0,0,0,0.141,0.1561,-0.0617,-1.0339,-0.3277,-0.2628,-1.2042
U008,56,10,0,47.38,0,0,0,5,0.0849,-1.8199,-0.0472,-0.9832,-0.3277,-0.2628,0.301
U008,57,9,29,44.27,2,0,0,9,-0.5764,0.7641,-0.2287,1.0,-0.3277,-0.2628,1.4828
U008,58,8,14,40.28,1,0,0,2,-1.2169,-0.5374,-0.5378,-0.0323,-0.2628,-0.2628,-0.6869
U008,59,13,9,48.7,0,0,0,0,2.0197,-0.9265,0.135,-0.9832,-0.2628,-0.2628,-1.2338
U008,60,12,32,46.55,1,0,0,8,1.2728,1.0098,-0.1192,0.0,-0.2628,-0.2628,1.1514
U009,1,8,29,90.66,0,0,0,8,0.0,0.0,0.0,0.0,0.0,0.0,0.0
U009,2,9,30,59.86,1,0,0,10,1.0,1.0,-30.8,1.0,0.0,0.0,2.0
U009,3,8,19,84.32,2,0,0,8,-0.7071,-14.8492,0.416,2.1213,0.0,0.0,-0.7071
U009,4,10,29,81.61,0,0,0,9,2.8867,0.4932,0.2047,-1.0,0.0,0.0,0.2887
U009,5,8,24,42.14,0,0,0,8,-0.7833,-0.5301,-2.7625,-0.7833,0.0,0.0,-0.7833
U009,6,9,12,66.14,1,0,0,7,0.4472,-3.0483,-0.2762,0.4472,0.0,0.0,-1.7889
U009,7,9,24,76.5,2,0,0,9,0.4082,0.0233,0.3138,1.633,0.0,0.0,0.6455
U009,8,9,17,77.49,0,0,1,7,0.378,-1.0521,0.3512,-0.9527,0.0,1.0,-1.4638
U009,9,9,25,90.56,1,0,0,8,0.3536,0.3076,1.164,0.282,0.0,-0.3536,-0.2415
U009,10,9,37,76.06,1,0,0,7,0.3333,2.2516,0.107,0.2667,0.0,-0.3333,-1.2577
U009,11,9,24,108.83,1,0,0,10,0.3162,-0.083,2.2933,0.2535,0.0,-0.3162,1.9106
U009,12,10,28,59.65,2,0,0,10,1.9598,0.5035,-1.0254,1.5742,0.0,-0.3015,1.565
U009,13,9,35,76.26,0,0,0,10,0.1246,1.5364,0.0062,-1.156,0.0,-0.2887,1.3597
U009,14,9,16,135.71,1,0,0,9,0.1201,-1.3866,3.5487,0.1922,0.0,-0.2773,0.3852
U009,15,9,24,93.53,1,0,1,10,0.116,-0.13,0.579,0.1854,0.0,3.4744,1.2338
U009,16,9,16,85.13,1,0,0,9,0.1123,-1.2877,0.1739,0.1794,0.0,-0.3789,0.2837
U009,17,9,24,72.61,0,1,0,11,0.1089,-0.0446,-0.4174,-1.2173,1.0,-0.366,2.0315
U009,18,9,24,54.92,1,0,1,5,0.1059,-0.0433,-1.2541,0.2425,-0.2425,2.6568,-3.0917
U009,19,8,22,88.11,1,0,0,7,-1.7512,-0.3458,0.4056,0.2357,-0.2357,-0.4346,-1.0737
U009,20,9,26,94.03,0,0,0,10,0.1856,0.2868,0.6811,-1.2235,-0.2294,-0.4215,0.9796
U009,21,9,33,102.41,3,0,1,4,0.181,1.3967,1.0698,3.1616,-0.2236,2.3202,-3.0649
U009,22,8,19,93.65,0,0,0,10,-1.6787,-0.8857,0.5858,-1.0888,-0.2182,-0.4734,0.9126
U009,23,9,23,62.75,1,0,0,8,0.2434,-0.2216,-0.9763,0.1636,-0.2132,-0.4606,-0.2575
U009,24,10,28,81.38,1,0,0,7,2.0625,0.5871,-0.0026,0.1601,-0.2085,-0.4487,-0.8306
U009,25,9,36,89.42,1,0,0,8,0.1428,1.8763,0.4092,0.1568,-0.2041,-0.4378,-0.2187
U009,26,9,11,89.66,0,1,0,7,0.14,-2.1725,0.4124,-1.1267,4.8,-0.4276,-0.8094
U009,27,10,18,104.61,0,0,0,7,1.9223,-0.9356,1.1961,-1.0786,-0.2831,-0.4181,-0.7841
U009,28,9,13,69.79,0,0,1,4,0.0631,-1.6342,-0.6896,-1.0363,-0.2776,2.3531,-2.5741
U009,29,8,20,61.46,0,0,0,6,-1.6735,-0.5376,-1.1148,-0.9986,-0.2724,-0.4578,-1.1627
U009,30,9,16,87.41,0,0,0,11,0.1162,-1.1014,0.3027,-0.9648,-0.2674,-0.4485,1.6275
U009,31,9,24,116.52,2,0,0,8,0.1143,0.0861,1.8648,1.6138,-0.2628,-0.4397,-0.0713
U009,32,9,23,62.78,0,0,0,6,0.0599,-0.0339,-1.0207,-0.9936,-0.2628,-0.4397,-1.1405
U009,33,9,16,72.87,1,0,0,6,0.0599,-1.0336,-0.5129,0.2855,-0.2628,-0.4397,-1.0664
U009,34,8,25,65.65,0,0,0,8,-1.9039,0.3064,-0.8607,-0.9343,-0.2628,-0.4397,0.0349
U009,35,9,25,95.29,0,0,0,8,0.128,0.3299,0.6753,-0.9343,-0.2628,-0.4397,0.0526
U009,36,9,23,69.56,1,0,0,11,0.068,0.0295,-0.7678,0.3397,-0.2628,-0.4397,1.6315
U009,37,9,28,57.42,1,0,0,6,0.068,0.7476,-1.4409,0.3397,-0.2628,-0.4397,-1.0302
U009,38,10,25,63.32,0,0,0,7,2.1083,0.2606,-1.0507,-0.9337,-0.2628,-0.4397,-0.4669
U009,39,10,34,62.96,1,0,0,11,1.9039,1.6251,-1.0273,0.4002,-0.2628,-0.3856,1.5342
U009,40,9,25,110.78,0,0,0,6,-0.0599,0.1693,1.4868,-0.9337,-0.2628,-0.3856,-0.9795
U009,41,9,18,70.94,0,0,0,5,-0.0599,-0.8783,-0.5955,-0.8794,-0.2628,-0.3856,-1.428
U009,42,9,21,75.81,2,0,1,7,-0.0599,-0.3597,-0.2988,1.7867,-0.2628,2.5067,-0.3904
U009,43,9,33,86.54,1,0,0,10,0.0,1.5946,0.224,0.4794,-0.2628,-0.4397,1.0795
U009,44,9,26,111.41,0,0,0,7,0.0,0.495,1.4989,-0.8794,-0.2628,-0.4397,-0.3492
U009,45,10,24,51.48,1,0,0,8,1.9039,0.1165,-1.7454,0.4794,-0.2628,-0.4397,0.1595
U009,46,9,21,71.54,0,0,0,2,-0.0599,-0.3829,-0.4885,-0.828,-0.2628,-0.3856,-2.7393
U009,47,10,26,66.84,2,0,0,4,1.7384,0.432,-0.7219,1.8179,-0.2628,-0.3856,-1.4854
U009,48,9,26,100.06,2,0,0,10,-0.1143,0.4193,1.1179,1.6619,-0.1826,-0.3856,1.28
U009,49,10,16,117.46,0,0,0,7,1.6001,-1.2883,2.0194,-0.8367,-0.1826,-0.3277,-0.1327
U009,50,9,33,69.89,1,0,0,6,-0.2334,1.5855,-0.6442,0.3949,-0.1826,-0.3277,-0.5749
U009,51,9,26,103.52,1,0,0,8,-0.2334,0.3763,1.1592,0.3586,-0.1826,-0.3277,0.3764
U009,52,8,21,99.39,1,0,0,6,-1.9836,-0.3964,0.9388,0.5104,-0.1826,-0.2628,-0.6086
U009,53,10,33,102.22,3,0,0,10,1.5169,1.5847,1.068,3.281,-0.1826,-0.2628,1.3584
U009,54,9,23,104.74,1,0,0,7,-0.2815,-0.1278,1.1296,0.3222,-0.1826,-0.2628,-0.1088
U009,55,9,28,94.88,0,0,0,9,-0.2334,0.703,0.5667,-0.886,-0.1826,-0.2628,0.8238
U009,56,9,35,59.13,0,1,0,9,-0.2334,1.9982,-1.2515,-0.8367,5.2946,-0.2628,0.8008
U009,57,10,23,68.27,2,0,1,12,1.5169,-0.2042,-0.7209,1.5538,-0.1826,3.6788,2.1341
U009,58,9,25,90.13,1,0,0,4,-0.2334,0.1191,0.4233,0.2718,-0.1826,-0.3277,-1.4924
U009,59,10,12,85.22,1,0,0,8,1.5169,-2.4618,0.1444,0.2362,-0.1826,-0.2628,0.2132
U009,60,10,33,149.69,0,0,0,6,1.4523,1.5204,3.4065,-0.9993,-0.1826,-0.2628,-0.6725
U010,1,8,20,49.65,1,0,0,6,0.0,0.0,0.0,0.0,0.0,0.0,0.0
U010,2,7,21,14.06,2,1,0,7,-1.0,1.0,-35.59,1.0,1.0,0.0,1.0
U010,3,9,15,52.52,2,0,0,7,2.1213,-7.7782,0.8211,0.7071,-0.7071,0.0,0.7071
U010,4,8,19,26.89,1,0,0,8,0.0,0.1037,-0.5533,-1.1547,-0.5773,0.0,2.3094
U010,5,8,12,80.91,0,0,0,7,0.0,-2.5666,2.4435,-2.5981,-0.5,0.0,0.0
U010,6,8,13,43.16,1,1,0,9,0.0,-1.1635,-0.0639,-0.239,1.7889,0.0,2.8284
U010,7,10,28,29.3,0,0,0,5,3.1623,2.9593,-0.661,-1.5498,-0.6455,0.0,-2.2592
U010,8,10,21,67.82,1,0,0,5,1.8023,0.4909,1.1676,0.0,-0.5855,0.0,-1.5492
U010,9,8,9,68.03,1,0,0,7,-0.4677,-1.8481,1.0173,0.0,-0.5401,0.0,0.18
U010,10,9,14,64.85,0,1,1,12,0.548,-0.6095,0.7643,-1.4142,1.7638,1.0,4.0118
U010,11,8,17,60.44,1,0,0,8,-0.5145,-0.0356,0.5008,0.1355,-0.6211,-0.3162,0.3402
U010,12,8,25,58.02,2,0,0,9,-0.4866,1.468,0.3562,1.557,-0.5839,-0.3015,0.8335
U010,13,8,12,55.46,1,0,0,8,-0.4628,-1.0498,0.2107,0.0,-0.5528,-0.2887,0.259
U010,14,8,27,62.32,0,0,0,5,-0.4422,1.7291,0.5654,-1.4142,-0.5262,-0.2773,-1.3695
U010,15,8,14,63.62,1,0,0,6,-0.4242,-0.6867,0.6105,0.0978,-0.5032,-0.2673,-0.7121
U010,16,8,13,53.44,0,0,1,7,-0.4082,-0.8263,0.0169,-1.3263,-0.483,3.6148,-0.1426
U010,17,8,17,55.05,1,0,0,8,-0.394,-0.0871,0.1091,0.1739,-0.4651,-0.366,0.415
U010,18,9,10,62.92,2,0,0,6,0.9147,-1.3442,0.5742,1.6044,-0.4491,-0.3542,-0.7355
U010,19,8,9,74.24,1,0,0,6,-0.4346,-1.4202,1.241,0.0766,-0.4346,-0.3436,-0.7049
U010,20,9,11,80.61,1,0,0,5,0.9132,-0.9686,1.5429,0.0747,-0.4215,-0.3338,-1.2632
U010,21,8,14,28.64,1,0,0,7,-0.4697,-0.4054,-1.5983,0.0729,-0.4094,-0.3249,-0.0289
U010,22,9,18,57.63,1,0,0,5,0.9129,0.3105,0.1557,0.0712,-0.3984,-0.3166,-1.2134
U010,23,9,0,46.81,1,0,0,8,0.8757,-2.9404,-0.4694,0.0696,-0.3882,-0.309,0.6136
U010,24,9,16,63.35,2,0,0,10,0.8427,0.0611,0.5104,1.6354,-0.3788,-0.3018,1.787
U010,25,7,13,37.92,1,0,1,7,-1.975,-0.4193,-1.0153,0.0,-0.37,3.2468,-0.0713
U010,26,9,24,17.79,1,0,0,8,0.8452,1.3785,-2.1725,0.0,-0.3618,-0.3618,0.5129
U010,27,8,15,70.1,1,0,0,6,-0.5112,-0.1353,0.9577,0.0,-0.3541,-0.3541,-0.6828
U010,28,9,15,27.58,2,0,0,7,0.8491,-0.1328,-1.4488,1.6124,-0.3469,-0.3469,-0.0665
U010,29,9,13,36.44,0,1,0,6,0.8234,-0.4627,-0.8859,-1.6253,2.8347,-0.3402,-0.6748
U010,30,8,9,27.95,0,0,0,11,-0.5647,-1.1272,-1.3262,-1.5275,-0.393,-0.3338,2.4203
U010,31,9,18,75.56,1,0,1,3,0.8288,0.4252,1.3216,0.0498,-0.3856,2.9496,-2.4002
U010,32,9,6,0.0,0,0,0,8,0.7785,-1.5887,-2.7549,-1.4456,-0.3856,-0.3856,0.4737
U010,33,7,20,39.57,4,0,0,4,-2.1985,0.8417,-0.6028,4.6844,-0.3277,-0.3856,-1.643
U010,34,9,0,36.25,0,0,2,5,0.7785,-2.4577,-0.7425,-1.1369,-0.3277,5.3989,-1.0212
U010,35,9,17,46.1,0,0,0,7,0.7303,0.3849,-0.2736,-1.0748,-0.3277,-0.413,0.0331
U010,36,9,5,8.06,0,0,0,9,0.6839,-1.4398,-2.2198,-1.0748,-0.3277,-0.413,1.0251
U010,37,10,16,56.47,1,0,1,5,2.0083,0.2419,0.3542,0.113,-0.2628,1.6521,-0.959
U010,38,9,12,44.71,1,0,0,5,0.639,-0.3021,-0.2666,0.0768,-0.2628,-0.463,-0.959
U010,39,10,16,18.16,2,0,0,9,2.1985,0.3776,-1.5613,1.2284,-0.2628,-0.463,1.0251
U010,40,7,17,0.0,3,0,1,8,-2.1522,0.5039,-2.3338,2.2849,-0.2628,1.5211,0.4875
U010,41,9,18,81.94,1,0,0,8,0.6436,0.6459,1.662,-0.0706,-0.1826,-0.463,0.6182
U010,42,9,14,65.93,3,0,0,7,0.6013,0.0,0.8658,2.0471,-0.1826,-0.463,0.0727
U010,43,10,18,69.24,0,1,0,6,1.8522,0.7388,0.9915,-1.1057,5.2946,-0.463,-0.4472
U010,44,7,9,14.86,0,0,1,7,-2.0197,-0.8117,-1.3789,-1.0511,-0.2628,1.5211,0.1498
U010,45,10,7,73.27,1,0,0,9,1.6374,-1.1398,1.1727,-0.0657,-0.2628,-0.512,1.2572
U010,46,9,12,36.85,2,1,0,9,0.377,-0.1791,-0.3664,0.9197,3.6788,-0.512,1.1746
U010,47,7,15,74.14,1,0,0,5,-1.9386,0.364,1.2026,-0.1323,-0.3277,-0.463,-1.0755
U010,48,8,12,82.28,0,0,0,6,-0.7229,-0.1622,1.4819,-1.1243,-0.3277,-0.463,-0.468
U010,49,8,21,48.37,0,0,0,6,-0.6826,1.4542,0.0771,-1.0511,-0.3277,-0.463,-0.468
U010,50,9,17,77.59,0,0,0,5,0.3952,0.642,1.2918,-1.0,-0.3277,-0.463,-1.0079
U010,51,8,16,74.39,2,0,0,5,-0.6826,0.4285,1.1735,0.952,-0.3277,-0.463,-1.0079
U010,52,8,5,69.1,3,0,0,9,-0.6826,-1.5156,0.8851,1.8446,-0.3277,-0.463,1.1685
U010,53,9,18,60.67,1,0,0,6,0.4291,0.8212,0.5271,-0.0889,-0.3277,-0.463,-0.4932
U010,54,9,5,55.11,1,0,0,9,0.4291,-1.6461,0.2873,-0.0889,-0.3277,-0.463,1.1294
U010,55,8,6,34.72,1,0,0,6,-0.6436,-1.3363,-0.5083,-0.0599,-0.3277,-0.463,-0.4529
U010,56,8,16,40.91,2,0,0,8,-0.7117,0.489,-0.2582,0.8392,-0.3277,-0.413,0.6501
U010,57,9,11,57.06,1,0,0,10,0.4472,-0.3593,0.3583,-0.0889,-0.3277,-0.413,1.7337
U010,58,9,14,49.69,0,0,0,6,0.412,0.2231,0.0784,-0.9778,-0.3277,-0.413,-0.4839
U010,59,9,20,8.43,0,0,1,11,0.412,1.3477,-1.6624,-0.9152,-0.3277,1.6521,2.1177
U010,60,8,18,40.83,0,0,1,7,-0.7117,0.9046,-0.2687,-0.9152,-0.2628,1.5211,-0.0323
U011,1,10,35,90.99,0,0,0,8,0.0,0.0,0.0,0.0,0.0,0.0,0.0
U011,2,9,29,99.57,3,0,0,9,-1.0,-6.0,8.58,3.0,0.0,0.0,1.0
U011,3,10,36,67.45,1,0,1,9,0.7071,0.9428,-4.5871,-0.2357,0.0,1.0,0.7071
U011,4,9,28,95.22,1,1,0,10,-1.1547,-1.4087,0.5542,-0.2182,1.0,-0.5773,2.3094
U011,5,10,30,57.46,1,0,1,10,0.866,-0.4899,-2.1512,-0.1987,-0.5,1.5,1.2247
U011,6,7,28,106.64,1,0,0,10,-4.7469,-0.9871,1.32,-0.1826,-0.4472,-0.7303,0.9562
U011,7,10,25,86.65,2,0,0,8,0.7128,-1.6771,0.0221,0.8476,-0.4082,-0.6455,-1.633
U011,8,8,30,104.12,0,0,1,9,-1.1555,-0.0359,1.0081,-1.3517,-0.378,1.4638,-0.1588
U011,9,9,21,80.49,0,0,0,10,-0.111,-2.4786,-0.457,-1.1352,-0.3536,-0.7246,1.0485
U011,10,10,39,74.96,0,1,0,8,0.8433,2.1522,-0.761,-1.0,2.6667,-0.6667,-1.4667
U011,11,9,27,74.11,0,0,0,10,-0.1936,-0.5802,-0.7564,-0.905,-0.4743,-0.6211,1.0279
U011,12,10,41,101.13,0,0,0,10,0.8335,2.1695,1.0059,-0.8335,-0.4495,-0.5839,0.9363
U011,13,10,26,62.22,0,0,0,9,0.777,-0.8079,-1.5465,-0.777,-0.4282,-0.5528,-0.2887
U011,14,11,33,101.18,0,0,1,9,1.7864,0.4524,0.9983,-0.7308,-0.4097,1.7541,-0.2773
U011,15,8,36,61.28,1,0,0,9,-1.4056,0.9697,-1.4932,0.3845,-0.3934,-0.6094,-0.2673
U011,16,10,30,75.63,1,0,1,8,0.637,-0.1675,-0.5032,0.3705,-0.3789,1.6021,-1.5492
U011,17,8,34,93.87,1,0,0,8,-1.3419,0.5798,0.6111,0.3579,-0.366,-0.6528,-1.3954
U011,18,7,23,65.89,1,0,1,7,-2.1918,-1.5282,-1.1282,0.3465,-0.3542,1.5029,-2.4897
U011,19,10,32,97.51,1,0,0,9,0.7244,0.2545,0.8679,0.3361,-0.3436,-0.6872,0.0593
U011,20,9,29,111.21,0,0,0,8,-0.1856,-0.317,1.6705,-0.9146,-0.3338,-0.6612,-1.0396
U011,21,9,36,94.35,1,0,0,11,-0.181,1.0415,0.5287,0.3744,-0.3249,-0.6381,2.3029
U011,22,10,30,108.46,3,0,0,9,0.751,-0.1652,1.3602,2.9163,-0.3166,-0.6172,0.0
U011,23,10,26,88.88,2,0,0,8,0.7249,-0.9508,0.1206,1.3031,-0.309,-0.5983,-1.0247
U011,24,7,19,105.55,2,0,0,8,-2.1453,-2.2979,1.1239,1.2291,-0.3018,-0.581,-0.98
U011,25,10,34,82.68,0,0,0,9,0.7379,0.7072,-0.3016,-0.9871,-0.2952,-0.5652,0.0855
U011,26,8,35,113.0,0,0,0,7,-1.0733,0.8708,1.5618,-0.9489,-0.2889,-0.5506,-2.0127
U011,27,8,40,67.11,0,0,0,9,-1.0298,1.7695,-1.275,-0.9149,-0.2831,-0.5371,0.1527
U011,28,8,25,88.99,2,0,1,9,-0.9913,-1.0392,0.0768,1.2863,-0.2776,1.8359,0.1499
U011,29,9,25,79.07,2,0,0,8,-0.0638,-1.0013,-0.5212,1.2269,-0.2724,-0.5669,-0.8832
U011,30,8,41,73.56,0,1,0,10,-0.972,1.8915,-0.8458,-0.9548,3.6103,-0.5543,1.2135
U011,31,10,31,108.66,1,0,0,9,0.8803,0.04,1.3288,0.1423,-0.3277,-0.5424,0.137
U011,32,9,24,72.64,0,0,1,9,-0.0304,-1.1487,-0.8892,-0.9752,-0.3277,1.7822,0.1042
U011,33,9,38,92.89,2,0,0,10,-0.0304,1.2781,0.3697,1.4169,-0.3277,-0.5929,1.1464
U011,34,8,41,70.3,1,0,0,8,-0.9235,1.7533,-1.0449,0.1906,-0.3277,-0.5424,-0.9521
U011,35,11,27,85.73,1,0,0,8,1.8517,-0.6352,-0.0571,0.1906,-0.2628,-0.5424,-0.8905
U011,36,11,27,117.25,0,0,0,8,1.7472,-0.6152,1.8793,-0.9532,-0.2628,-0.4916,-0.8322
U011,37,8,26,106.08,1,0,1,9,-0.9971,-0.7668,1.1095,0.2256,-0.2628,1.9664,0.2824
U011,38,8,13,94.88,0,0,0,7,-0.9335,-2.8478,0.3758,-0.8932,-0.2628,-0.5424,-1.889
U011,39,12,27,118.84,1,0,0,8,2.567,-0.4666,1.8577,0.2718,-0.2628,-0.4916,-0.7086
U011,40,7,29,79.78,2,0,0,10,-1.7172,-0.218,-0.5684,1.4169,-0.2628,-0.4916,1.4173
U011,41,8,31,69.0,1,0,1,8,-0.8134,0.1245,-1.2103,0.155,-0.1826,1.9664,-0.7086
U011,42,9,23,88.51,1,0,0,9,-0.0251,-1.0944,-0.0621,0.1184,-0.1826,-0.5424,0.3802
U011,43,10,21,94.04,0,0,1,8,0.7616,-1.3423,0.2833,-1.1276,-0.1826,1.7822,-0.6436
U011,44,10,32,80.12,0,0,0,8,0.7616,0.3714,-0.6146,-1.1276,-0.1826,-0.5929,-0.6059
U011,45,10,37,71.45,0,0,0,8,0.812,1.1318,-1.1015,-1.1276,-0.1826,-0.5424,-0.5691
U011,46,9,32,103.25,0,0,1,9,-0.0262,0.3702,0.8417,-1.0653,-0.1826,1.7822,0.5332
U011,47,9,27,65.22,1,0,0,7,0.0,-0.3893,-1.6128,0.155,-0.1826,-0.5424,-1.6362
U011,48,9,34,82.84,2,0,0,11,-0.0268,0.6977,-0.4234,1.3173,-0.1826,-0.5424,2.5673
U011,49,8,34,92.65,0,0,0,9,-0.9285,0.6484,0.1415,-1.0173,-0.1826,-0.4916,0.3548
U011,50,9,23,121.28,0,0,0,10,-0.028,-1.028,1.9538,-0.9634,-0.1826,-0.4916,1.3226
U011,51,10,31,104.34,0,0,0,9,0.8133,0.208,0.8374,-0.9634,-0.1826,-0.4916,0.2843
U011,52,8,30,85.32,1,0,0,11,-0.8878,0.0855,-0.3357,0.1826,-0.1826,-0.4916,2.4543
U011,53,8,33,90.33,0,0,0,10,-0.8309,0.5383,0.0122,-0.9382,-0.1826,-0.4916,1.2318
U011,54,9,26,99.67,2,0,0,8,0.0555,-0.5535,0.5818,1.6365,-0.1826,-0.4916,-0.7147
U011,55,11,29,87.35,1,0,0,8,1.7472,-0.1417,-0.1629,0.3777,-0.1826,-0.4916,-0.7147
U011,56,10,28,92.3,0,0,0,8,0.8133,-0.2748,0.1342,-0.9343,-0.1826,-0.4916,-0.6786
U011,57,8,34,59.8,1,0,0,10,-0.9285,0.7217,-1.9094,0.3397,-0.1826,-0.4916,1.1859
U011,58,9,36,80.73,0,0,1,8,-0.0844,1.1208,-0.5316,-0.9907,-0.1826,1.9664,-0.7522
U011,59,11,30,85.09,2,0,0,10,1.6001,0.0552,-0.2397,1.734,-0.1826,-0.4916,1.1498
U011,60,9,37,63.22,2,0,0,5,-0.1646,1.199,-1.6268,1.734,-0.1826,-0.4916,-3.5316
U012,1,7,0,12.59,2,0,0,6,0.0,0.0,0.0,0.0,0.0,0.0,0.0
U012,2,7,17,42.14,0,0,0,6,0.0,17.0,29.55,-2.0,0.0,0.0,0.0
U012,3,7,19,90.25,0,0,1,10,0.0,0.8735,3.0096,-0.7071,0.0,1.0,4.0
U012,4,6,12,78.2,0,0,0,4,-1.0,0.0,0.7621,-0.5773,0.0,-0.5773,-1.4434
U012,5,10,16,60.65,0,0,0,0,6.5,0.4692,0.1375,-0.5,0.0,-0.5,-2.5828
U012,6,7,25,37.32,1,0,1,7,-0.2638,1.6061,-0.6342,0.6708,0.0,1.7889,0.4954
U012,7,8,7,59.03,1,0,0,4,0.4879,-0.9299,0.1928,0.5976,0.0,-0.6455,-0.4502
U012,8,9,8,57.07,1,0,0,6,1.235,-0.6934,0.1055,0.5447,0.0,-0.5855,0.2309
U012,9,6,5,49.84,0,1,0,9,-1.2476,-1.0137,-0.1988,-0.84,1.0,-0.5401,1.2607
U012,10,9,19,69.36,1,0,0,6,1.1667,0.8776,0.6707,0.6118,-0.3333,-0.504,0.0754
U012,11,8,25,45.58,1,0,1,1,0.2963,1.5815,-0.4584,0.5721,-0.3162,1.8974,-1.7261
U012,12,6,21,30.19,2,0,0,6,-1.2722,0.8657,-1.1659,2.0226,-0.3015,-0.5839,0.2115
U012,13,6,7,42.97,1,0,0,0,-1.1413,-0.929,-0.4565,0.3317,-0.2887,-0.5528,-1.8841
U012,14,7,22,45.52,1,0,0,8,-0.2902,1.009,-0.3122,0.3183,-0.2773,-0.5262,0.9567
U012,15,7,10,16.11,0,0,0,6,-0.2796,-0.5633,-1.7843,-1.1236,-0.2673,-0.5032,0.252
U012,16,9,27,28.76,0,0,0,4,1.3502,1.6443,-0.9617,-1.0421,-0.2582,-0.483,-0.4207
U012,17,6,26,58.01,0,0,0,4,-1.1379,1.3459,0.4821,-0.9763,-0.25,-0.4651,-0.4058
U012,18,9,19,29.85,2,0,0,6,1.295,0.4015,-0.9046,1.9276,-0.2425,-0.4491,0.3098
U012,19,7,19,21.97,1,0,0,5,-0.3436,0.389,-1.246,0.3694,-0.2357,-0.4346,-0.0602
U012,20,7,25,15.33,0,0,0,1,-0.3338,1.1329,-1.4863,-1.0046,-0.2294,-0.4215,-1.544
U012,21,7,9,50.27,0,0,0,3,-0.3249,-0.9324,0.2695,-0.9554,-0.2236,-0.4094,-0.7012
U012,22,10,1,46.97,0,0,0,7,2.1768,-1.8975,0.104,-0.9129,-0.2182,-0.3984,0.781
U012,23,10,34,79.93,1,0,0,6,1.9228,2.212,1.7271,0.5004,-0.2132,-0.3882,0.3849
U012,24,9,30,42.98,0,0,0,3,1.0133,1.5179,-0.1634,-0.9133,-0.2085,-0.3788,-0.7511
U012,25,9,0,77.18,2,0,0,8,0.9714,-1.8025,1.4951,1.9341,-0.2041,-0.37,1.1696
U012,26,7,23,52.85,0,0,0,5,-0.5256,0.708,0.2519,-0.9087,-0.2,-0.3618,-0.0151
U012,27,9,19,46.34,1,0,0,3,0.9689,0.272,-0.0669,0.4645,-0.1961,-0.3541,-0.7841
U012,28,9,17,54.97,1,0,0,4,0.9348,0.0549,0.3584,0.4543,-0.1924,-0.3469,-0.3734
U012,29,8,6,40.42,3,0,0,8,0.1595,-1.133,-0.3756,3.2116,-0.189,-0.3402,1.2104
U012,30,8,19,61.59,2,0,0,4,0.1568,0.3075,0.7061,1.4948,-0.1857,-0.3338,-0.4047
U012,31,6,33,38.32,1,0,0,9,-1.3876,1.8304,-0.503,0.2362,-0.1826,-0.3277,1.588
U012,32,6,11,53.91,2,0,0,0,-1.3274,-0.6941,0.2662,1.5092,-0.1826,-0.3277,-1.9484
U012,33,6,30,50.67,1,0,0,4,-1.2718,1.3989,0.0694,0.1999,-0.1826,-0.3277,-0.3248
U012,34,8,17,108.63,0,0,0,6,0.2153,-0.0527,3.6188,-1.0578,-0.1826,-0.2628,0.4997
U012,35,7,27,30.61,0,0,0,5,-0.5652,0.9894,-0.9552,-1.0578,-0.1826,-0.2628,0.0894
U012,36,6,21,29.56,0,0,0,6,-1.2866,0.3097,-0.95,-1.0578,-0.1826,-0.2628,0.4356
U012,37,9,7,66.85,1,0,0,6,1.0309,-1.1466,0.9658,0.1999,-0.1826,-0.1826,0.4534
U012,38,8,24,32.78,1,0,1,5,0.2473,0.6417,-0.7691,0.1999,-0.1826,5.2946,0.0137
U012,39,9,20,34.5,1,0,0,5,1.0309,0.167,-0.6383,0.1999,-0.1826,-0.2628,0.0275
U012,40,11,8,22.65,1,0,0,4,2.4911,-1.2105,-1.1971,0.1627,0.0,-0.2628,-0.3485
U012,41,8,19,49.52,1,1,0,7,0.1405,0.0468,0.214,0.1627,1.0,-0.2628,0.9905
U012,42,11,14,79.08,0,0,0,6,2.2473,-0.4762,1.6736,-1.0578,-0.1826,-0.1826,0.4823
U012,43,10,15,44.27,0,0,0,0,1.3585,-0.3409,-0.1295,-0.9936,-0.1826,-0.1826,-2.2305
U012,44,9,25,51.84,0,0,0,4,0.6025,0.7358,0.2315,-0.9382,-0.1826,-0.1826,-0.422
U012,45,8,0,64.55,1,0,0,4,-0.112,-2.0492,0.8304,0.3222,-0.1826,-0.1826,-0.3738
U012,46,9,19,45.24,3,0,0,9,0.5436,0.0875,-0.1778,2.7329,-0.1826,-0.1826,2.0009
U012,47,7,4,28.17,1,0,1,7,-0.8155,-1.4821,-1.0664,0.1482,-0.1826,5.2946,0.9274
U012,48,10,22,81.6,0,0,0,10,1.2348,0.5045,1.6443,-1.0173,-0.1826,-0.2628,2.184
U012,49,9,45,44.22,0,0,0,6,0.5021,2.8839,-0.2841,-0.9532,-0.1826,-0.2628,0.3523
U012,50,9,18,54.18,1,1,0,2,0.4609,-0.0123,0.1651,0.2256,5.2946,-0.2628,-1.2848
U012,51,9,9,28.28,2,0,0,5,0.4199,-0.8248,-1.2595,1.3344,-0.2628,-0.2628,-0.0829
U012,52,8,32,45.27,0,0,0,7,-0.3315,1.3067,-0.3163,-1.0173,-0.2628,-0.2628,0.7292
U012,53,7,48,43.73,2,0,0,1,-1.0147,2.7424,-0.3922,1.2433,-0.2628,-0.2628,-1.7949
U012,54,9,37,28.97,0,0,0,0,0.5116,1.5237,-1.1305,-1.0288,-0.2628,-0.2628,-2.0431
U012,55,7,20,59.22,0,0,0,3,-0.95,0.031,0.4989,-1.0288,-0.2628,-0.2628,-0.7578
U012,56,9,28,37.42,2,0,0,5,0.5549,0.6848,-0.6317,1.2599,-0.2628,-0.2628,0.0641
U012,57,6,21,54.77,3,0,0,7,-1.6808,0.0471,0.3331,2.2781,-0.2628,-0.2628,0.8331
U012,58,9,14,35.55,2,0,1,8,0.5618,-0.5772,-0.715,1.0177,-0.2628,3.6788,1.1639
U012,59,9,8,42.41,1,0,0,7,0.5618,-1.0941,-0.3098,-0.0334,-0.2628,-0.3277,0.7151
U012,60,6,21,47.5,0,0,0,13,-1.5609,0.0443,-0.0416,-1.0418,-0.2628,-0.3277,3.0219
U013,1,10,28,44.41,0,0,1,12,0.0,0.0,0.0,0.0,0.0,0.0,0.0
U013,2,8,15,41.61,0,0,0,10,-2.0,-13.0,-2.8,0.0,0.0,-1.0,-2.0
U013,3,8,1,52.31,0,0,0,9,-0.7071,-2.2301,4.6972,0.0,0.0,-0.7071,-1.4142
U013,4,9,24,45.39,0,0,1,5,0.2887,0.6912,-0.1298,0.0,0.0,1.1547,-3.4915
U013,5,9,14,45.24,0,0,0,3,0.2611,-0.2506,-0.1518,0.0,0.0,-0.866,-2.0381
U013,6,8,16,64.37,0,0,0,8,-0.9562,-0.0383,4.7056,0.0,0.0,-0.7303,0.054
U013,7,9,19,64.06,0,0,0,15,0.4082,0.2851,1.8134,0.0,0.0,-0.6455,2.1641
U013,8,8,22,54.73,1,0,0,6,-0.9449,0.6148,0.3847,1.0,0.0,-0.5855,-0.7039
U013,9,8,30,44.79,0,0,0,11,-0.84,1.5442,-0.7525,-0.3536,0.0,-0.5401,0.6424
U013,10,9,11,84.28,1,0,0,6,0.6118,-0.891,3.872,2.6667,0.0,-0.504,-0.7439
U013,11,9,41,45.94,0,0,0,13,0.5721,2.6777,-0.6115,-0.4743,0.0,-0.4743,1.2402
U013,12,8,34,55.49,0,0,0,11,-0.9439,1.2999,0.1636,-0.4495,0.0,-0.4495,0.5651
U013,13,9,37,50.48,0,0,0,10,0.6232,1.4365,-0.2489,-0.4282,0.0,-0.4282,0.2561
U013,14,9,26,43.53,0,0,0,8,0.5913,0.3112,-0.8261,-0.4097,0.0,-0.4097,-0.3358
U013,15,8,17,60.01,0,0,0,4,-1.0151,-0.5212,0.6332,-0.3934,0.0,-0.3934,-1.5295
U013,16,9,26,66.06,0,0,0,7,0.6325,0.3437,1.1347,-0.3789,0.0,-0.3789,-0.502
U013,17,9,29,57.39,0,0,0,11,0.6057,0.6222,0.3021,-0.366,0.0,-0.366,0.706
U013,18,8,29,49.33,0,1,0,11,-1.0672,0.5975,-0.4295,-0.3542,1.0,-0.3542,0.6758
U013,19,9,0,60.69,1,0,0,6,0.64,-2.3419,0.6278,2.7487,-0.2357,-0.3436,-0.8884
U013,20,8,36,47.29,0,0,0,11,-1.0575,1.2636,-0.6477,-0.4215,-0.2294,-0.3338,0.7009
U013,21,9,1,74.65,1,0,0,10,0.6686,-1.9443,1.9748,2.3202,-0.2236,-0.3249,0.3612
U013,22,9,27,50.93,0,0,0,12,0.6461,0.4445,-0.3504,-0.4734,-0.2182,-0.3166,0.9943
U013,23,9,13,73.54,0,0,0,5,0.6258,-0.768,1.7183,-0.4606,-0.2132,-0.309,-1.3013
U013,24,8,19,51.59,0,0,1,10,-1.1386,-0.2222,-0.3424,-0.4487,-0.2085,3.1691,0.3586
U013,25,10,23,55.69,0,0,1,9,2.3881,0.1364,0.0314,-0.4378,-0.2041,2.59,0.027
U013,26,9,2,47.99,0,0,0,8,0.5102,-1.7636,-0.6715,-0.4276,-0.2,-0.4276,-0.304
U013,27,8,10,50.51,0,0,1,8,-1.1208,-0.9364,-0.4206,-0.4181,-0.1961,2.2997,-0.2978
U013,28,9,18,45.83,1,0,0,8,0.5375,-0.2067,-0.8505,2.3531,-0.1924,-0.4678,-0.2919
U013,29,8,15,50.17,2,0,0,13,-1.1091,-0.4694,-0.4155,4.6701,-0.189,-0.4578,1.4569
U013,30,9,0,65.49,1,0,0,7,0.5617,-1.8109,1.0594,1.4847,-0.1857,-0.4485,-0.6728
U013,31,9,34,47.98,0,0,0,11,0.5496,1.2657,-0.6513,-0.512,-0.1826,-0.4397,0.7259
U013,32,9,18,46.41,0,0,0,9,0.6594,-0.1394,-0.8208,-0.512,-0.1826,-0.3856,0.0466
U013,33,10,18,48.51,0,0,0,13,2.439,-0.1483,-0.6445,-0.512,-0.1826,-0.3856,1.4601
U013,34,9,37,49.84,1,0,0,8,0.4572,1.4984,-0.4986,1.408,-0.1826,-0.3856,-0.3273
U013,35,10,0,59.97,0,0,0,7,2.1716,-1.7967,0.4814,-0.5608,-0.1826,-0.3277,-0.7216
U013,36,9,19,53.87,1,0,0,7,0.3727,-0.1048,-0.1716,1.3085,-0.1826,-0.3277,-0.8279
U013,37,10,4,39.71,0,0,0,3,1.9664,-1.3563,-1.5753,-0.6097,-0.1826,-0.3277,-2.3017
U013,38,10,5,58.38,0,0,1,8,1.8012,-1.1959,0.3917,-0.6097,-0.1826,2.9496,-0.2867
U013,39,9,12,44.65,0,0,1,5,0.1511,-0.5741,-0.9769,-0.5608,-0.1826,2.5067,-1.4591
U013,40,9,13,63.11,0,0,0,8,0.1042,-0.4518,0.8457,-0.5608,-0.1826,-0.4397,-0.2359
U013,41,8,31,46.2,0,0,1,11,-1.4591,0.9725,-0.8863,-0.512,-0.1826,2.1985,0.8708
U013,42,9,8,53.97,0,0,1,6,0.1511,-0.8627,0.0148,-0.512,-0.1826,1.9664,-1.0316
U013,43,9,21,45.56,0,0,0,4,0.1042,0.2893,-0.9572,-0.512,-0.1826,-0.5424,-1.7475
U013,44,8,30,57.99,0,0,1,10,-1.4591,1.1463,0.5007,-0.512,-0.1826,1.7822,0.6506
U013,45,8,11,49.28,1,0,0,6,-1.36,-0.5388,-0.5661,1.408,-0.1826,-0.5929,-0.8699
U013,46,9,6,49.0,0,0,0,9,0.1511,-0.9537,-0.5591,-0.5608,-0.1826,-0.5929,0.2313
U013,47,8,33,52.0,0,0,0,7,-1.36,1.4475,-0.1441,-0.5608,-0.1826,-0.5929,-0.5678
U013,48,10,13,33.06,1,0,0,9,1.6631,-0.2932,-2.4385,1.3085,-0.1826,-0.5929,0.2614
U013,49,9,15,48.06,0,0,0,10,0.0964,-0.0784,-0.4926,-0.6097,0.0,-0.5929,0.6922
U013,50,9,39,51.7,1,0,0,9,0.0964,2.0389,-0.0386,1.3085,0.0,-0.5929,0.2414
U013,51,10,33,54.04,0,0,0,10,1.5453,1.4628,0.2108,-0.6097,0.0,-0.5929,0.683
U013,52,8,17,49.32,0,0,0,11,-1.4392,-0.0503,-0.2829,-0.5608,0.0,-0.5929,1.0929
U013,53,9,23,66.23,0,0,0,3,0.0464,0.5179,1.9152,-0.5608,0.0,-0.5929,-2.2132
U013,54,9,6,48.56,0,0,0,11,0.0464,-1.0371,-0.3731,-0.5608,0.0,-0.5929,1.1003
U013,55,8,12,72.41,1,0,0,11,-1.4392,-0.4524,3.0,1.3085,0.0,-0.5424,1.0739
U013,56,9,28,40.67,0,1,0,5,0.0964,0.9916,-1.3626,-0.6097,1.0,-0.4916,-1.2866
U013,57,9,12,47.13,0,0,0,11,0.0964,-0.5051,-0.5171,-0.6097,-0.1826,-0.4916,1.0397
U013,58,9,20,67.11,0,0,1,7,0.0498,0.207,1.899,-0.6097,-0.1826,2.1985,-0.4924
U013,59,9,49,42.59,0,0,0,8,0.0498,2.809,-1.0784,-0.5608,-0.1826,-0.4916,-0.1104
U013,60,8,45,48.29,0,0,0,11,-1.5546,2.0918,-0.3899,-0.5424,-0.1826,-0.4916,1.1157
U014,1,7,30,49.77,2,0,0,9,0.0,0.0,0.0,0.0,0.0,0.0,0.0
U014,2,10,23,99.77,1,0,0,8,3.0,-7.0,50.0,-1.0,0.0,0.0,-1.0
U014,3,7,27,78.57,1,0,0,9,-0.7071,0.101,0.1075,-0.7071,0.0,0.0,0.7071
U014,4,7,23,42.75,0,0,0,8,-0.5773,-1.0441,-1.3264,-2.3094,0.0,0.0,-1.1547
U014,5,7,24,39.0,1,0,0,8,-0.5,-0.5142,-1.0878,0.0,0.0,0.0,-0.866
U014,6,7,30,66.71,1,0,0,10,-0.4472,1.5084,0.1807,0.0,0.0,0.0,2.9212
U014,7,10,31,61.8,0,0,0,8,2.0412,1.4595,-0.0409,-1.5811,0.0,0.0,-0.8165
U014,8,8,18,110.94,0,0,1,9,0.0976,-2.5076,2.2488,-1.2421,0.0,1.0,0.5447
U014,9,6,27,91.6,1,0,1,8,-1.3825,0.2761,0.8748,0.3536,0.0,2.4749,-0.84
U014,10,8,15,82.93,1,0,0,8,0.2357,-2.5587,0.4561,0.3333,0.0,-0.504,-0.7647
U014,11,10,23,63.01,0,0,0,5,1.7196,-0.3404,-0.3826,-1.2649,0.0,-0.4743,-4.9497
U014,12,8,24,134.84,0,0,0,8,0.0629,-0.1261,2.7035,-1.1246,0.0,-0.4495,-0.1454
U014,13,9,28,54.41,3,0,0,9,0.7856,0.7097,-0.7763,3.5824,0.0,-0.4282,0.6983
U014,14,8,22,105.0,0,0,0,9,0.0,-0.6049,1.0565,-0.9415,0.0,-0.4097,0.6599
U014,15,8,24,100.21,1,0,0,7,0.0,-0.1402,0.8108,0.2401,0.0,-0.3934,-1.1291
U014,16,11,26,128.5,1,0,0,6,2.3932,0.3167,1.7792,0.232,0.0,-0.3789,-1.919
U014,17,8,29,52.55,1,0,0,7,-0.1316,1.0064,-0.9857,0.2248,0.0,-0.366,-0.8592
U014,18,7,24,84.81,2,0,0,8,-0.8525,-0.22,0.1575,1.4543,0.0,-0.3542,0.0
U014,19,7,15,97.56,0,0,0,9,-0.8127,-2.3788,0.596,-1.0679,0.0,-0.3436,0.8416
U014,20,8,9,111.5,1,0,0,11,-0.0389,-3.3169,1.0687,0.1893,0.0,-0.3338,2.5036
U014,21,8,30,87.98,2,0,0,8,-0.038,1.1288,0.1825,1.415,0.0,-0.3249,-0.1513
U014,22,8,16,61.13,1,0,1,7,-0.0371,-1.3868,-0.7937,0.1146,0.0,3.0079,-0.9235
U014,23,7,19,43.79,1,0,0,8,-0.8346,-0.782,-1.3986,0.1121,0.0,-0.3882,-0.1062
U014,24,7,19,74.65,0,0,0,9,-0.8044,-0.7552,-0.206,-1.1517,0.0,-0.3788,0.6933
U014,25,6,26,145.11,2,0,0,7,-1.5885,0.4971,2.3782,1.4108,0.0,-0.37,-0.9413
U014,26,8,17,102.23,0,0,2,9,0.0946,-1.1196,0.6551,-1.1324,0.0,5.6684,0.7122
U014,27,8,26,59.67,0,0,0,8,0.0928,0.5258,-0.8114,-1.0838,0.0,-0.3913,-0.1258
U014,28,7,19,64.82,1,0,0,7,-0.7289,-0.7472,-0.6103,0.1811,0.0,-0.3831,-0.9572
U014,29,8,25,76.06,2,0,0,8,0.1182,0.3634,-0.2056,1.4225,0.0,-0.3755,-0.0895
U014,30,9,31,59.65,0,0,0,8,0.9587,1.4639,-0.7815,-1.0974,0.0,-0.3682,-0.088
U014,31,13,24,80.97,2,0,0,8,4.305,0.1208,-0.0026,1.3833,0.0,-0.3614,-0.0866
U014,32,8,17,76.36,1,0,0,6,-0.0669,-1.1413,-0.2082,0.1627,0.0,-0.3614,-1.8086
U014,33,6,20,105.38,0,0,0,7,-1.4024,-0.5344,0.8817,-1.0578,0.0,-0.3614,-0.8309
U014,34,7,15,80.74,1,0,0,8,-0.6731,-1.4104,-0.0527,0.1999,0.0,-0.3614,0.0555
U014,35,6,39,66.46,0,0,0,8,-1.3463,2.9391,-0.6385,-1.0578,0.0,-0.3614,0.0555
U014,36,9,15,90.63,3,0,0,8,0.68,-1.2406,0.2451,2.5982,0.0,-0.3614,0.0555
U014,37,9,16,97.13,1,0,0,8,0.6361,-1.0037,0.4725,0.1084,0.0,-0.3614,0.1173
U014,38,6,23,31.05,1,0,0,5,-1.3463,0.1692,-2.2126,0.0735,0.0,-0.3614,-2.522
U014,39,8,19,41.62,2,0,1,8,0.0436,-0.4952,-1.5878,1.1612,0.0,1.9961,0.2168
U014,40,9,27,132.52,2,0,0,5,0.6731,0.8313,1.834,1.0992,0.0,-0.3071,-2.2224
U014,41,12,21,109.3,0,0,0,10,2.6502,-0.2007,0.8824,-1.1137,0.0,-0.3071,1.7852
U014,42,8,18,122.35,0,0,0,6,-0.0615,-0.6777,1.2746,-1.1137,0.0,-0.3071,-1.3876
U014,43,8,24,45.69,0,0,0,10,-0.0615,0.3288,-1.3735,-1.1137,0.0,-0.3071,1.6949
U014,44,11,17,27.06,0,0,1,9,1.8136,-0.7934,-1.992,-1.0748,0.0,1.9961,0.8926
U014,45,9,33,28.39,0,0,1,7,0.4892,1.8413,-1.7607,-1.0748,0.0,1.8071,-0.5549
U014,46,6,33,31.21,2,0,0,8,-1.2865,1.7018,-1.5235,1.2433,0.0,-0.413,0.1689
U014,47,7,20,84.64,0,0,0,8,-0.6184,-0.3257,0.2654,-1.0288,0.0,-0.413,0.1243
U014,48,7,9,55.04,0,0,0,8,-0.5947,-1.9427,-0.7147,-0.9752,0.0,-0.413,0.1001
U014,49,8,13,61.41,0,0,0,7,0.0,-1.1949,-0.4754,-0.9129,0.0,-0.413,-0.6506
U014,50,7,18,87.27,0,0,0,7,-0.6184,-0.4694,0.3873,-0.9129,0.0,-0.413,-0.6044
U014,51,10,17,31.27,1,0,0,9,1.1894,-0.687,-1.4064,0.2163,0.0,-0.413,1.1259
U014,52,6,20,105.81,4,0,0,9,-1.201,-0.1817,1.0592,3.6021,0.0,-0.413,1.0764
U014,53,7,18,12.68,2,0,0,8,-0.5676,-0.51,-1.9149,1.055,0.0,-0.3614,0.1908
U014,54,10,21,111.8,1,0,0,10,1.1353,-0.0458,1.162,0.0914,0.0,-0.3614,1.8263
U014,55,8,29,75.65,1,1,1,5,-0.0559,1.1678,0.044,0.0617,1.0,1.8071,-2.2041
U014,56,7,21,72.61,1,0,0,4,-0.6691,-0.0704,0.0248,0.0942,-0.1826,-0.413,-2.7393
U014,57,8,25,74.25,1,0,0,8,-0.0759,0.5168,0.1101,0.0636,-0.1826,-0.3856,0.2886
U014,58,9,17,113.58,0,0,0,8,0.4934,-0.6963,1.3674,-0.9355,-0.1826,-0.3856,0.2886
U014,59,8,26,106.22,2,0,1,6,-0.1143,0.6823,1.0457,1.0176,-0.1826,2.5067,-1.0671
U014,60,8,18,61.41,0,0,0,9,-0.1143,-0.534,-0.3874,-0.8904,-0.1826,-0.4397,0.9616
U015,1,9,8,131.34,1,0,0,9,0.0,0.0,0.0,0.0,0.0,0.0,0.0
U015,2,11,37,76.05,0,0,0,6,2.0,29.0,-55.2899,-1.0,0.0,0.0,-3.0
U015,3,9,38,69.18,1,0,0,11,-0.7071,0.7559,-0.8828,0.7071,0.0,0.0,1.6499
U015,4,9,24,104.82,1,0,0,5,-0.5773,-0.2152,0.3706,0.5773,0.0,0.0,-1.457
U015,5,9,50,63.4,0,0,0,15,-0.5,1.6568,-1.1197,-1.5,0.0,0.0,2.6327
U015,6,9,38,64.58,1,0,2,8,-0.4472,0.4127,-0.8541,0.7303,0.0,2.0,-0.2981
U015,7,10,9,97.82,0,0,0,4,0.8165,-1.6144,0.4717,-1.291,0.0,-0.4082,-1.3762
U015,8,9,32,113.3,1,1,0,11,-0.5447,0.1788,1.0421,0.8018,1.0,-0.378,0.7111
U015,9,10,34,129.07,1,0,0,5,0.84,0.3034,1.5361,0.7246,-0.3536,-0.3536,-0.9899
U015,10,9,37,111.26,0,0,1,2,-0.6118,0.5016,0.6227,-1.3333,-0.3333,1.1667,-1.713
U015,11,8,35,44.66,0,0,0,11,-2.0023,0.3223,-1.9715,-1.1619,-0.3162,-0.4445,0.8608
U015,12,9,38,76.83,1,0,1,1,-0.3469,0.543,-0.4992,0.8704,-0.3015,1.1246,-1.7785
U015,13,9,40,98.7,1,0,1,4,-0.3317,0.6778,0.3021,0.8092,-0.2887,1.0235,-0.7924
U015,14,9,34,153.72,1,0,0,6,-0.3183,0.1411,2.3233,0.7596,-0.2773,-0.5913,-0.2606
U015,15,9,27,70.5,0,0,0,7,-0.3064,-0.4707,-0.8023,-1.2928,-0.2673,-0.5639,0.0
U015,16,8,26,99.34,1,0,0,4,-1.7748,-0.5415,0.1854,0.7888,-0.2582,-0.5401,-0.7821
U015,17,9,31,101.69,2,0,0,10,-0.1739,-0.0629,0.2594,2.75,-0.25,-0.519,0.843
U015,18,11,27,88.6,2,0,0,5,2.7021,-0.4391,-0.2055,2.2014,-0.2425,-0.5003,-0.5345
U015,19,10,17,106.12,1,0,0,8,0.9621,-1.3936,0.43,0.3436,-0.2357,-0.4835,0.3035
U015,20,9,40,157.81,2,0,0,9,-0.3266,0.8869,2.3195,1.9196,-0.2294,-0.4683,0.5755
U015,21,11,36,60.8,2,0,0,7,2.2253,0.467,-1.2394,1.7143,-0.2236,-0.4544,-0.0143
U015,22,10,25,101.36,3,0,0,1,0.7785,-0.6159,0.1712,2.9917,-0.2182,-0.4418,-1.772
U015,23,8,42,105.8,1,0,0,12,-1.6086,1.0819,0.3173,0.0,-0.2132,-0.4301,1.4636
U015,24,10,33,118.98,0,0,0,7,0.7944,0.1456,0.7646,-1.2536,-0.2085,-0.4193,0.0
U015,25,9,29,81.9,3,0,1,10,-0.384,-0.26,-0.5517,2.5317,-0.2041,1.5554,0.8391
U015,26,9,32,104.83,1,0,0,6,-0.3754,0.0534,0.2731,-0.045,-0.2,-0.4591,-0.3154
U015,27,9,23,69.54,1,0,0,8,-0.3674,-0.8907,-1.004,-0.0442,-0.1961,-0.4486,0.2648
U015,28,9,12,53.54,2,0,0,8,-0.3598,-2.0197,-1.5442,1.1276,-0.1924,-0.4389,0.2597
U015,29,9,22,79.95,0,0,0,3,-0.3527,-0.8498,-0.5244,-1.2494,-0.189,-0.4297,-1.2318
U015,30,9,18,80.06,1,0,0,4,-0.3461,-1.2271,-0.5092,-0.0398,-0.1857,-0.4211,-0.8847
U015,31,8,16,93.86,1,0,0,5,-1.6138,-1.3765,0.0003,-0.0392,-0.1826,-0.413,-0.5626
U015,32,8,18,86.39,1,0,0,7,-1.5092,-1.2676,-0.2324,-0.0392,-0.1826,-0.413,0.0692
U015,33,9,36,101.75,0,0,0,6,-0.1718,0.6789,0.3312,-1.2887,-0.1826,-0.413,-0.2376
U015,34,9,16,120.88,0,0,0,10,-0.1718,-1.3897,1.0231,-1.2153,-0.1826,-0.413,1.0281
U015,35,9,22,105.41,0,1,0,9,-0.1718,-0.7186,0.4072,-1.1481,5.2946,-0.413,0.6635
U015,36,8,26,39.81,3,0,0,7,-1.4603,-0.2373,-2.1574,2.2962,-0.2628,-0.413,0.1348
U015,37,8,15,128.77,1,0,1,5,-1.3698,-1.4269,1.2265,-0.0706,-0.2628,2.5067,-0.53
U015,38,8,31,75.18,0,0,0,2,-1.2777,0.3539,-0.7473,-1.1919,-0.2628,-0.4397,-1.5692
U015,39,11,21,60.17,2,0,0,13,2.4083,-0.8102,-1.2336,0.9882,-0.1826,-0.4397,2.2897
U015,40,9,23,97.0,2,0,0,11,-0.0375,-0.5251,0.1564,0.938,-0.1826,-0.4397,1.4035
U015,41,10,36,84.51,1,0,0,0,1.0862,1.0657,-0.2734,-0.1755,-0.1826,-0.3856,-2.1886
U015,42,9,27,70.52,1,1,1,3,-0.113,-0.0079,-0.8673,-0.2163,5.2946,2.5067,-1.0679
U015,43,11,48,53.85,1,0,0,13,2.1475,2.6,-1.4806,-0.2163,-0.2628,-0.3856,2.0227
U015,44,11,12,71.84,1,0,0,9,1.93,-1.7102,-0.7232,-0.2163,-0.2628,-0.3277,0.6368
U015,45,9,19,78.35,1,0,0,12,-0.2319,-0.7986,-0.4247,-0.2163,-0.2628,-0.3277,1.4944
U015,46,8,29,90.88,0,0,1,10,-1.2256,0.3314,0.0638,-1.374,-0.2628,2.9496,0.8211
U015,47,9,42,114.14,1,0,0,7,-0.2319,1.7378,1.0091,-0.2163,-0.2628,-0.3856,-0.0959
U015,48,9,33,79.69,1,0,0,3,-0.2319,0.6852,-0.3857,-0.1826,-0.2628,-0.3856,-1.2303
U015,49,10,26,95.76,0,0,1,9,0.8773,-0.0656,0.2624,-1.2599,-0.2628,2.5067,0.5231
U015,50,8,22,86.35,1,0,0,3,-1.2282,-0.52,-0.0966,-0.1084,-0.2628,-0.4397,-1.194
U015,51,10,17,58.19,1,0,1,6,0.8905,-1.0149,-1.3136,-0.0735,-0.2628,2.1985,-0.2792
U015,52,9,31,87.61,1,0,0,10,-0.1084,0.5785,0.0603,-0.0375,-0.2628,-0.4916,0.8458
U015,53,9,26,150.98,0,0,0,4,-0.0735,0.0109,3.0436,-1.1953,-0.2628,-0.4916,-0.9487
U015,54,10,28,52.56,2,0,0,7,1.0173,0.3028,-1.4348,1.2887,-0.2628,-0.4916,0.0
U015,55,8,36,103.79,0,0,1,3,-1.2433,1.257,0.7675,-1.2042,-0.2628,1.9664,-1.1858
U015,56,10,28,97.95,0,0,0,11,1.0288,0.292,0.4925,-1.186,-0.2628,-0.4916,1.2449
U015,57,9,24,79.55,2,0,0,1,-0.1084,-0.1491,-0.25,1.4603,-0.2628,-0.4916,-1.7034
U015,58,9,33,89.05,1,0,0,10,-0.1084,0.8801,0.127,0.1245,-0.2628,-0.4916,0.9065
U015,59,9,30,80.55,1,0,0,11,-0.1084,0.4698,-0.2822,0.1718,-0.2628,-0.4916,1.1494
U015,60,9,45,63.26,2,0,1,15,-0.1084,2.2164,-1.0213,1.4495,-0.2628,1.9664,2.1587
U016,1,7,29,95.97,0,0,0,9,0.0,0.0,0.0,0.0,0.0,0.0,0.0
U016,2,12,21,68.68,2,0,0,9,5.0,-8.0,-27.29,2.0,0.0,0.0,0.0
U016,3,9,43,68.87,0,0,0,12,-0.1414,3.182,-0.6973,-0.7071,0.0,0.0,3.0
U016,4,9,32,76.59,2,0,0,9,-0.1325,0.0898,-0.0796,1.1547,0.0,0.0,-0.5773
U016,5,9,19,110.86,0,0,0,11,-0.1213,-1.3453,2.5969,-0.866,0.0,0.0,0.8333
U016,6,6,32,111.78,1,0,0,7,-1.7889,0.3333,1.4835,0.1826,0.0,0.0,-2.1213
U016,7,11,39,86.45,1,0,0,7,1.1296,1.1128,-0.1166,0.1695,0.0,0.0,-1.4199
U016,8,8,30,71.75,1,0,1,9,-0.4804,-0.0818,-0.9101,0.1588,0.0,1.0,-0.0766
U016,9,9,45,82.01,1,0,0,9,0.0638,1.7774,-0.2423,0.1498,0.0,-0.3536,-0.0724
U016,10,9,21,96.99,3,0,0,10,0.0606,-1.2532,0.6574,2.7005,0.0,-0.3333,0.5501
U016,11,10,46,75.65,2,0,0,7,0.6363,1.6269,-0.6956,0.905,0.0,-0.3162,-1.4201
U016,12,8,51,92.26,0,0,0,8,-0.5976,1.896,0.3973,-1.2039,0.0,-0.3015,-0.6202
U016,13,11,20,81.55,0,1,0,8,1.2849,-1.3019,-0.3245,-1.0875,1.0,-0.2887,-0.586
U016,14,11,27,82.05,1,0,0,9,1.161,-0.5383,-0.2773,0.0,-0.2773,-0.2773,0.1013
U016,15,10,33,46.03,0,0,0,10,0.4698,0.0468,-2.8215,-1.0408,-0.2673,-0.2673,0.7827
U016,16,10,33,72.18,0,0,0,10,0.4515,0.0453,-0.6449,-0.9711,-0.2582,-0.2582,0.742
U016,17,9,39,62.5,1,0,1,12,-0.1978,0.6468,-1.1974,0.1306,-0.25,3.75,2.1213
U016,18,9,9,51.39,0,0,0,7,-0.192,-2.4523,-1.7736,-0.9513,-0.2425,-0.3542,-1.4036
U016,19,10,29,75.0,0,0,0,12,0.4856,-0.2368,-0.2605,-0.9023,-0.2357,-0.3436,1.8526
U016,20,11,25,63.31,0,0,0,8,1.1576,-0.6033,-0.9274,-0.8603,-0.2294,-0.3338,-0.718
U016,21,11,31,48.85,0,0,0,7,1.0919,-0.0142,-1.7228,-0.8238,-0.2236,-0.3249,-1.2928
U016,22,8,44,64.43,0,0,1,9,-1.004,1.251,-0.7068,-0.7916,-0.2182,3.0079,-0.0282
U016,23,8,42,61.91,0,0,0,8,-0.9592,0.988,-0.8247,-0.7629,-0.2132,-0.3882,-0.6348
U016,24,6,44,123.69,0,0,0,10,-2.2852,1.1391,2.7016,-0.7372,-0.2085,-0.3788,0.6159
U016,25,9,37,87.6,1,0,0,6,-0.1312,0.4152,0.4866,0.4284,-0.2041,-0.37,-1.8998
U016,26,7,35,99.49,1,0,0,9,-1.4152,0.2107,1.0841,0.4185,-0.2,-0.3618,0.0476
U016,27,11,41,58.98,1,0,0,10,1.1905,0.8032,-1.0308,0.4093,-0.1961,-0.3541,0.6537
U016,28,7,25,57.67,1,0,0,10,-1.3708,-0.8237,-1.0591,0.4006,-0.1924,-0.3469,0.6368
U016,29,11,32,97.18,0,0,0,10,1.1699,-0.0936,0.9957,-0.8286,-0.189,-0.3402,0.6211
U016,30,12,19,58.77,0,1,0,11,1.7377,-1.4266,-0.9987,-0.8049,5.1994,-0.3338,1.2346
U016,31,12,35,31.05,1,1,0,10,1.6268,0.2592,-2.382,0.4534,3.6788,-0.3277,0.5608
U016,32,11,17,72.77,0,1,0,11,0.924,-1.5806,-0.1307,-0.8309,2.9496,-0.3277,1.1571
U016,33,11,39,101.7,0,0,0,11,0.9682,0.645,1.241,-0.7791,-0.3856,-0.3277,1.092
U016,34,11,24,67.25,1,0,0,8,0.9148,-0.84,-0.4423,0.5194,-0.3856,-0.3277,-0.7295
U016,35,7,32,77.43,1,0,1,9,-1.4933,-0.0099,0.0461,0.5953,-0.3856,2.9496,-0.0827
U016,36,10,45,82.67,0,0,0,8,0.3036,1.2762,0.3577,-0.8288,-0.3856,-0.3856,-0.6776
U016,37,9,35,103.74,1,0,0,9,-0.3677,0.2027,1.5136,0.5953,-0.3856,-0.3856,-0.065
U016,38,9,48,75.7,1,0,0,10,-0.3306,1.5208,0.0385,0.5953,-0.3856,-0.3856,0.5602
U016,39,8,36,84.44,2,0,0,9,-0.985,0.2484,0.4684,1.969,-0.3856,-0.3277,-0.1338
U016,40,13,29,78.7,0,0,0,11,2.149,-0.4087,0.1774,-0.7791,-0.3856,-0.3277,1.2042
U016,41,9,35,82.29,0,0,0,9,-0.3856,0.1619,0.3949,-0.794,-0.3856,-0.3277,-0.1531
U016,42,12,35,99.88,1,0,0,9,1.3667,0.2048,1.2757,0.9971,-0.3856,-0.3277,-0.2047
U016,43,6,22,84.62,1,0,0,12,-2.1457,-1.1675,0.4812,0.9335,-0.3856,-0.3277,1.8437
U016,44,7,51,54.59,1,0,0,9,-1.3918,2.0701,-1.0249,0.8736,-0.3277,-0.3277,-0.3106
U016,45,10,34,92.19,0,0,0,6,0.2797,0.067,0.8858,-0.8736,-0.3277,-0.3277,-2.3073
U016,46,11,43,55.65,2,0,0,13,0.804,1.016,-1.0115,2.6208,-0.3277,-0.3277,2.2551
U016,47,10,41,38.93,0,1,0,13,0.2597,0.7562,-1.7962,-0.9051,2.9496,-0.3277,2.0318
U016,48,6,36,82.14,1,0,0,9,-1.8355,0.2279,0.3665,0.7421,-0.3856,-0.2628,-0.2572
U016,49,12,38,79.94,0,0,0,7,1.2651,0.3908,0.2181,-0.9051,-0.3856,-0.2628,-1.4423
U016,50,9,27,63.4,0,0,0,9,-0.2404,-0.9529,-0.5877,-0.9051,-0.3856,-0.2628,-0.2093
U016,51,9,19,76.63,1,0,0,9,-0.2101,-1.9309,0.0502,0.6922,-0.3856,-0.2628,-0.2307
U016,52,8,52,85.26,1,0,0,8,-0.6692,1.9702,0.435,0.6436,-0.3856,-0.2628,-0.8751
U016,53,11,45,81.83,1,0,0,8,0.7997,1.0939,0.2307,0.5963,-0.3856,-0.1826,-0.8454
U016,54,8,49,74.21,3,0,0,10,-0.7166,1.5022,-0.1846,3.8473,-0.3856,-0.1826,0.3342
U016,55,9,19,44.86,0,0,0,10,-0.272,-1.7041,-1.7564,-1.0532,-0.3856,-0.1826,0.3342
U016,56,8,32,82.48,0,0,0,10,-0.7821,-0.2614,0.4128,-0.9914,-0.3856,-0.1826,0.2762
U016,57,10,33,78.69,2,0,0,10,0.2252,-0.1506,0.2466,1.734,-0.3856,-0.1826,0.2553
U016,58,9,29,70.81,1,0,0,10,-0.2797,-0.5295,-0.2283,0.3397,-0.3856,-0.1826,0.2553
U016,59,8,36,63.91,0,0,1,6,-0.8651,0.167,-0.6492,-0.9343,-0.3856,5.2946,-2.2975
U016,60,11,36,61.55,1,0,0,8,0.8098,0.1534,-0.7363,0.3397,-0.3856,-0.2628,-0.8645
U017,1,6,18,106.77,1,0,0,8,0.0,0.0,0.0,0.0,0.0,0.0,0.0
U017,2,10,3,81.71,2,0,0,7,4.0,-15.0,-25.06,1.0,0.0,0.0,-1.0
U017,3,10,29,42.89,0,0,0,9,0.7071,1.7442,-2.8978,-2.1213,0.0,0.0,2.1213
U017,4,8,36,103.59,1,0,0,10,-0.2887,1.4813,0.8223,0.0,0.0,0.0,2.0
U017,5,7,38,66.29,2,0,0,7,-0.7833,1.1468,-0.5931,1.2247,0.0,0.0,-1.1619
U017,6,6,11,73.13,1,0,1,9,-1.2298,-0.953,-0.2672,-0.239,0.0,1.0,0.6136
U017,7,8,33,81.84,1,0,1,11,0.0908,0.7434,0.1156,-0.2214,0.0,2.0412,2.2019
U017,8,6,12,52.02,0,0,0,6,-1.108,-0.8895,-1.2504,-1.6562,0.0,-0.5855,-1.8143
U017,9,6,31,72.4,0,0,1,8,-0.9644,0.6444,-0.1612,-1.3229,0.0,1.6202,-0.2225
U017,10,6,3,89.66,1,0,1,10,-0.8667,-1.6149,0.6652,0.1421,0.0,1.3333,1.0541
U017,11,9,24,88.67,1,0,0,13,1.0389,0.1915,0.5712,0.1355,0.0,-0.7746,2.846
U017,12,6,44,97.2,0,0,0,9,-0.8897,1.7334,0.9727,-1.2975,0.0,-0.7207,0.0449
U017,13,6,34,100.31,1,0,1,9,-0.8259,0.7558,1.0563,0.2322,0.0,1.354,0.0432
U017,14,10,26,83.82,0,0,0,7,1.7425,0.1243,0.1305,-1.2286,0.0,-0.7596,-1.0414
U017,15,10,38,49.82,2,0,0,6,1.5155,1.0368,-1.6825,1.7364,0.0,-0.7182,-1.5081
U017,16,11,41,76.93,0,0,0,12,1.9266,1.1967,-0.1213,-1.1661,0.0,-0.6831,1.771
U017,17,6,9,87.89,0,0,0,7,-0.9514,-1.3076,0.4529,-1.0833,0.0,-0.6528,-0.8884
U017,18,9,13,65.69,1,0,0,2,0.6825,-0.9114,-0.7487,0.3127,0.0,-0.6262,-3.3136
U017,19,7,36,73.2,1,0,0,8,-0.4171,0.8497,-0.3101,0.3035,0.0,-0.6027,-0.1322
U017,20,6,32,97.82,2,0,0,6,-0.9538,0.511,1.0675,1.6971,0.0,-0.5817,-0.945
U017,21,6,22,88.59,0,1,1,13,-0.9094,-0.2727,0.4998,-1.1407,1.0,1.6882,1.9665
U017,22,6,37,47.78,0,0,0,10,-0.8707,0.9139,-1.8235,-1.0799,-0.2182,-0.6172,0.6045
U017,23,11,18,132.09,3,0,0,9,1.9522,-0.6251,2.8836,2.9633,-0.2132,-0.5983,0.1954
U017,24,9,28,72.24,0,0,0,11,0.7103,0.1952,-0.4053,-1.0008,-0.2085,-0.581,0.9904
U017,25,8,43,85.71,2,0,0,7,0.1555,1.4199,0.2485,1.3439,-0.2041,-0.5652,-0.6503
U017,26,10,25,84.45,1,0,0,12,1.2408,-0.1093,0.1819,0.1362,-0.2,-0.5506,1.394
U017,27,10,19,71.98,2,0,0,4,1.1817,-0.5993,-0.4422,1.2912,-0.1961,-0.5371,-1.8692
U017,28,7,15,65.78,1,0,0,7,-0.476,-0.9167,-0.7462,0.0848,-0.1924,-0.5245,-0.5792
U017,29,8,26,67.88,0,0,0,8,0.0776,0.0298,-0.6187,-1.0828,-0.189,-0.5128,-0.1793
U017,30,6,8,83.15,1,0,0,6,-1.0304,-1.4985,0.1836,0.1203,-0.1857,-0.5019,-0.9625
U017,31,6,31,68.32,3,0,0,7,-0.9956,0.4937,-0.5976,2.4856,-0.1826,-0.4916,-0.5382
U017,32,6,20,74.56,1,0,1,8,-0.9956,-0.4588,-0.2096,0.0359,-0.1826,1.9664,-0.1307
U017,33,9,32,77.25,0,0,0,5,0.7459,0.5266,-0.0509,-1.0288,-0.1826,-0.5424,-1.3259
U017,34,6,39,68.74,0,0,0,11,-0.9325,1.1349,-0.6153,-1.0288,-0.1826,-0.5424,1.0605
U017,35,9,45,72.61,1,0,0,0,0.8075,1.6417,-0.3332,0.1084,-0.1826,-0.5424,-3.1333
U017,36,9,19,41.49,0,0,0,4,0.7633,-0.6396,-2.2253,-0.9634,-0.1826,-0.5424,-1.3293
U017,37,11,25,79.92,3,0,1,3,1.8354,-0.1543,0.1449,2.3735,-0.1826,1.9664,-1.5621
U017,38,7,23,105.04,0,0,0,7,-0.444,-0.3072,1.5545,-0.9047,-0.1826,-0.4916,-0.1887
U017,39,6,37,45.41,0,0,0,11,-1.0079,0.9144,-1.8777,-0.9047,-0.1826,-0.4916,1.0629
U017,40,10,14,62.01,0,0,0,3,1.1519,-1.1654,-0.853,-0.9047,-0.1826,-0.4397,-1.4671
U017,41,8,44,136.66,2,0,0,8,0.0,1.5689,3.1299,1.1243,-0.1826,-0.3856,0.1511
U017,42,7,32,87.31,1,0,0,8,-0.5233,0.3559,0.3898,0.0972,-0.1826,-0.3856,0.212
U017,43,8,34,61.06,0,0,0,8,0.0,0.596,-0.8069,-0.9197,-0.1826,-0.3856,0.2236
U017,44,8,49,88.72,1,1,0,9,-0.0375,2.0151,0.5393,0.0972,5.2946,-0.3277,0.556
U017,45,11,8,56.01,2,0,0,12,1.7222,-1.8185,-0.9928,1.0511,-0.2628,-0.3277,1.4895
U017,46,6,12,90.96,1,1,0,4,-1.1356,-1.3217,0.6318,0.0657,3.6788,-0.3277,-1.0923
U017,47,9,36,101.8,0,0,0,11,0.6526,0.8089,1.1128,-0.9672,-0.3277,-0.3277,1.1728
U017,48,7,26,74.24,1,0,1,6,-0.5647,-0.123,-0.1947,0.0334,-0.3277,2.9496,-0.4301
U017,49,8,27,94.65,1,0,0,12,0.0585,-0.0753,0.7347,0.0334,-0.3277,-0.3856,1.4389
U017,50,8,27,100.32,2,0,0,10,0.0392,-0.0487,0.9565,1.0339,-0.3277,-0.3856,0.7271
U017,51,21,158,403.97,6,1,1,64,7.827,11.9613,14.8337,5.0362,2.9496,2.5067,17.45
U017,52,23,106,242.85,2,0,5,25,5.0668,2.8302,2.4186,0.6213,-0.3277,14.0758,1.4431
U017,53,22,80,445.89,6,1,3,53,3.3515,1.5542,5.1009,3.5816,2.9496,2.8352,3.8712
U017,54,0,163,450.59,2,1,2,33,-2.089,4.1618,3.6747,0.4271,2.5067,1.4954,1.5837
U017,55,2,131,431.92,6,1,2,33,-1.4759,2.3633,2.7815,2.9779,2.1985,1.3865,1.4697
U017,56,20,151,377.36,5,1,3,60,2.212,2.5801,1.9591,1.9737,1.9664,2.1701,3.212
U017,57,21,118,357.33,3,1,5,44,2.1751,1.5311,1.6262,0.7156,1.7822,3.5874,1.7322
U017,58,1,143,386.07,1,1,2,39,-1.4874,1.9459,1.7065,-0.3727,1.6304,0.8288,1.3049
U017,59,19,120,255.72,2,1,1,58,1.5949,1.3032,0.6588,0.1597,1.5018,0.0916,2.2707
U017,60,21,82,341.7,5,1,1,48,1.7952,0.4629,1.215,1.7467,1.3904,0.0691,1.5073
U018,1,9,26,33.41,1,0,0,10,0.0,0.0,0.0,0.0,0.0,0.0,0.0
U018,2,12,28,74.29,2,0,1,7,3.0,2.0,40.88,1.0,0.0,1.0,-3.0
U018,3,11,40,35.38,0,0,0,12,0.2357,9.1924,-0.639,-2.1213,0.0,-0.7071,1.6499
U018,4,6,43,79.88,0,0,1,7,-3.055,1.5408,1.3961,-1.0,0.0,1.1547,-1.0596
U018,5,7,46,10.27,0,0,0,3,-0.9449,1.3824,-1.836,-0.7833,0.0,-0.866,-2.4495
U018,6,6,33,6.86,0,0,0,8,-1.1767,-0.398,-1.3462,-0.6708,0.0,-0.7303,0.0585
U018,7,6,47,37.45,1,0,1,10,-0.9658,1.3379,-0.0827,0.5976,0.0,1.291,0.7079
U018,8,7,36,13.89,0,0,0,5,-0.4491,-0.1831,-0.9089,-0.7263,0.0,-0.8018,-1.0795
U018,9,7,30,20.14,1,0,0,6,-0.4183,-0.9261,-0.5865,0.6614,0.0,-0.7246,-0.6002
U018,10,6,21,39.27,1,0,0,6,-0.8355,-1.9831,0.1752,0.6118,0.0,-0.6667,-0.5578
U018,11,9,37,37.44,2,0,0,7,0.5873,0.2252,0.094,2.0023,0.0,-0.6211,-0.1495
U018,12,8,39,20.87,2,0,0,14,0.0851,0.452,-0.6065,1.6187,0.0,-0.5839,2.6121
U018,13,10,39,49.22,2,0,0,8,1.0634,0.4305,0.6558,1.3975,0.0,-0.5528,0.027
U018,14,9,34,36.21,1,0,0,6,0.4899,-0.2256,0.0423,0.0892,0.0,-0.5262,-0.6504
U018,15,7,39,27.39,1,0,0,10,-0.5413,0.4446,-0.3675,0.0862,0.0,-0.5032,0.767
U018,16,8,40,17.06,0,0,0,11,0.0,0.5641,-0.8483,-1.1684,0.0,-0.483,1.0797
U018,17,6,44,54.34,1,0,0,11,-1.0742,1.1007,0.9985,0.155,0.0,-0.4651,1.0091
U018,18,6,28,20.04,0,0,0,5,-1.0083,-1.1952,-0.7201,-1.1295,0.0,-0.4491,-1.1577
U018,19,10,27,9.61,0,0,0,6,1.1917,-1.2551,-1.2036,-1.0603,0.0,-0.4346,-0.7362
U018,20,9,8,52.97,1,1,0,11,0.5871,-3.7555,0.9825,0.2674,1.0,-0.4215,1.0607
U018,21,6,30,12.4,1,0,0,5,-1.0547,-0.4493,-1.0442,0.2605,-0.2236,-0.4094,-1.1117
U018,22,6,44,39.65,0,0,0,3,-1.003,1.0741,0.3349,-1.0799,-0.2182,-0.3984,-1.7568
U018,23,8,35,46.59,1,0,0,12,0.1229,0.0538,0.6724,0.3024,-0.2132,-0.3882,1.4209
U018,24,13,39,79.92,2,0,0,11,2.8858,0.4935,2.3339,1.6544,-0.2085,-0.3788,1.002
U018,25,7,29,56.75,0,0,0,8,-0.4845,-0.6398,0.981,-1.0945,-0.2041,-0.37,-0.0275
U018,26,9,26,23.53,0,0,0,5,0.5122,-0.9627,-0.6005,-1.0474,-0.2,-0.3618,-1.0367
U018,27,9,16,61.54,1,0,0,5,0.5,-2.0654,1.2048,0.3018,-0.1961,-0.3541,-0.9962
U018,28,6,50,17.36,0,0,0,10,-1.0337,1.7762,-0.9133,-1.0356,-0.1924,-0.3469,0.7232
U018,29,7,46,16.84,0,0,1,12,-0.4891,1.2367,-0.9083,-0.9979,-0.189,2.8347,1.3834
U018,30,12,30,56.64,1,0,1,8,2.0926,-0.4609,0.9934,0.3673,-0.1857,2.4565,-0.0231
U018,31,8,41,49.46,0,0,0,7,-0.0325,0.695,0.6228,-0.9914,-0.1826,-0.4397,-0.3634
U018,32,7,36,41.33,1,0,0,10,-0.5059,0.1224,0.2133,0.4002,-0.1826,-0.4397,0.6968
U018,33,7,26,98.05,1,0,0,9,-0.4545,-0.9632,3.092,0.4687,-0.1826,-0.3856,0.318
U018,34,6,38,30.35,1,0,0,7,-0.9533,0.3528,-0.3201,0.4272,-0.1826,-0.3856,-0.3396
U018,35,9,19,45.15,1,0,0,2,0.6967,-1.6393,0.4148,0.3856,-0.1826,-0.3277,-2.0962
U018,36,12,19,48.18,0,1,0,6,2.2988,-1.52,0.5123,-1.1293,5.2946,-0.3277,-0.664
U018,37,6,8,42.82,0,0,0,3,-1.0269,-2.5237,0.2025,-1.1293,-0.2628,-0.3277,-1.6593
U018,38,8,20,33.34,0,0,0,4,0.0,-1.1138,-0.2669,-1.0605,-0.2628,-0.2628,-1.1975
U018,39,8,25,35.73,0,0,0,6,-0.0172,-0.5815,-0.187,-1.0605,-0.2628,-0.2628,-0.5213
U018,40,8,40,0.0,2,0,0,12,-0.0346,0.8214,-2.0254,1.8513,-0.2628,-0.2628,1.4335
U018,41,7,43,40.56,0,0,0,9,-0.6,1.0452,0.0887,-0.9914,-0.2628,-0.2628,0.3803
U018,42,6,25,14.36,0,0,0,10,-1.092,-0.634,-1.1603,-0.9374,-0.2628,-0.2628,0.6752
U018,43,7,30,23.22,0,0,0,2,-0.5182,-0.1343,-0.7217,-0.8893,-0.2628,-0.2628,-1.9302
U018,44,6,24,74.76,0,0,0,6,-1.0,-0.6617,1.7341,-0.8482,-0.2628,-0.2628,-0.487
U018,45,6,22,39.91,0,0,0,10,-0.938,-0.8108,0.0407,-0.794,-0.2628,-0.2628,0.7835
U018,46,8,48,0.0,0,0,0,8,0.1202,1.6273,-1.7677,-0.7421,-0.2628,-0.2628,0.1482
U018,47,7,38,49.08,1,0,0,4,-0.3948,0.6645,0.4432,0.8482,-0.2628,-0.2628,-1.1142
U018,48,7,27,20.5,0,0,0,8,-0.4169,-0.3019,-0.7904,-0.7421,-0.2628,-0.2628,0.2608
U018,49,7,6,43.7,0,0,0,8,-0.4397,-2.1993,0.2182,-0.7421,-0.2628,-0.2628,0.2301
U018,50,9,34,19.21,0,0,0,2,0.6826,0.3698,-0.9234,-0.7421,-0.2628,-0.2628,-1.7688
U018,51,8,23,16.52,1,0,0,8,0.1437,-0.6669,-0.9863,0.9051,-0.1826,-0.2628,0.3004
U018,52,11,31,0.0,0,0,1,10,1.7515,0.068,-1.7389,-0.6922,-0.1826,3.6788,0.9181
U018,53,8,27,52.86,0,0,0,7,0.0177,-0.2551,0.655,-0.6922,-0.1826,-0.3277,-0.1323
U018,54,6,36,6.85,0,0,0,5,-1.0437,0.5909,-1.3115,-0.6436,-0.1826,-0.3277,-0.7709
U018,55,9,33,48.44,1,0,0,11,0.7633,0.3282,0.5771,1.2195,-0.1826,-0.3277,1.3995
U018,56,11,34,56.22,0,0,0,9,1.9171,0.4072,0.9397,-0.6594,-0.1826,-0.3277,0.639
U018,57,6,24,49.65,0,0,0,8,-1.0628,-0.5354,0.5947,-0.6594,-0.1826,-0.3277,0.2519
U018,58,7,29,57.55,1,1,0,5,-0.4319,-0.1034,0.974,1.2195,5.2946,-0.3277,-0.821
U018,59,8,19,25.38,0,0,0,5,0.1143,-1.0448,-0.5184,-0.6594,-0.2628,-0.3277,-0.7667
U018,60,8,28,2.77,0,0,0,6,0.0956,-0.052,-1.5507,-0.6594,-0.2628,-0.2628,-0.3518
U019,1,8,0,99.55,1,0,0,5,0.0,0.0,0.0,0.0,0.0,0.0,0.0
U019,2,9,26,87.99,0,0,0,3,1.0,26.0,-11.56,-1.0,0.0,0.0,-2.0
U019,3,9,17,70.8,0,0,0,5,0.7071,0.2176,-2.8101,-0.7071,0.0,0.0,0.7071
U019,4,8,30,96.19,1,0,0,0,-1.1547,1.1866,0.6965,1.1547,0.0,0.0,-3.7528
U019,5,9,5,87.07,0,0,1,2,0.866,-0.9943,-0.1217,-0.866,0.0,1.0,-0.529
U019,6,8,14,86.08,0,0,0,0,-1.0954,-0.1233,-0.201,-0.7303,0.0,-0.4472,-1.4142
U019,7,9,22,117.19,0,0,0,6,0.9129,0.5736,2.9218,-0.6455,0.0,-0.4082,1.5498
U019,8,8,7,121.19,2,0,0,6,-1.069,-0.8516,2.0269,3.5132,0.0,-0.378,1.2247
U019,9,8,29,70.61,0,0,0,1,-0.9354,1.307,-1.4979,-0.6614,0.0,-0.3536,-0.9486
U019,10,9,22,108.91,0,0,0,3,1.0541,0.4869,0.8958,-0.6118,0.0,-0.3333,-0.0449
U019,11,9,16,82.94,0,0,0,2,0.9487,-0.1147,-0.6629,-0.5721,0.0,-0.3162,-0.4719
U019,12,9,9,56.31,0,0,0,9,0.8704,-0.8144,-2.189,-0.5394,0.0,-0.3015,2.6833
U019,13,7,2,79.33,0,0,0,7,-3.0749,-1.4778,-0.5697,-0.5118,0.0,-0.2887,1.2742
U019,14,9,16,73.25,1,0,0,5,0.8156,0.0681,-0.8644,1.0982,0.0,-0.2773,0.439
U019,15,7,7,63.96,1,0,0,4,-2.3061,-0.856,-1.3108,1.0151,0.0,-0.2673,0.0526
U019,16,8,0,72.85,0,0,0,1,-0.5429,-1.5333,-0.7307,-0.6325,0.0,-0.2582,-1.0962
U019,17,10,11,73.7,2,0,0,5,2.2607,-0.2866,-0.6513,2.6246,0.0,-0.25,0.4998
U019,18,8,12,88.54,0,0,0,2,-0.5884,-0.1752,0.1835,-0.6559,0.0,-0.2425,-0.6887
U019,19,9,25,66.78,1,0,0,6,0.7088,1.2043,-1.0421,0.7883,0.0,-0.2357,0.9257
U019,20,8,11,105.01,0,0,0,4,-0.6133,-0.336,1.1562,-0.6799,0.0,-0.2294,0.084
U019,21,9,16,90.91,1,0,0,0,0.7245,0.2091,0.3059,0.8014,0.0,-0.2236,-1.5568
U019,22,8,28,78.53,1,0,0,0,-0.6353,1.5226,-0.407,0.7707,0.0,-0.2182,-1.4364
U019,23,7,29,105.0,2,0,0,1,-1.9695,1.52,1.1425,2.2302,0.0,-0.2132,-0.9525
U019,24,8,15,84.42,0,0,0,0,-0.4999,-0.0407,-0.1031,-0.7766,0.0,-0.2085,-1.3031
U019,25,9,16,67.85,2,0,0,8,0.812,0.0665,-1.0804,2.0225,0.0,-0.2041,1.8401
U019,26,9,6,102.79,1,0,1,4,0.7856,-1.0211,1.0253,0.5237,0.0,4.8,0.2203
U019,27,9,7,83.52,1,0,0,4,0.7616,-0.8731,-0.1501,0.5112,0.0,-0.2831,0.216
U019,28,9,0,94.13,0,0,0,7,0.7397,-1.6094,0.4901,-0.8491,0.0,-0.2776,1.3564
U019,29,10,0,92.55,0,0,0,7,2.0628,-1.5106,0.3832,-0.8234,0.0,-0.2724,1.2896
U019,30,9,5,87.59,3,0,0,4,0.6152,-0.9078,0.0687,3.2941,0.0,-0.2674,0.1155
U019,31,8,4,77.3,1,0,0,6,-0.6872,-0.9851,-0.5808,0.3949,0.0,-0.2628,0.8708
U019,32,9,17,71.13,1,0,0,4,0.6013,0.3649,-0.9292,0.3949,0.0,-0.2628,0.1001
U019,33,8,28,63.83,2,0,0,3,-0.6872,1.6122,-1.3383,1.5538,0.0,-0.2628,-0.2881
U019,34,7,16,89.14,0,0,0,0,-1.9309,0.2489,0.256,-0.8932,0.0,-0.2628,-1.394
U019,35,9,34,105.9,0,0,0,0,0.651,2.3133,1.3116,-0.8445,0.0,-0.2628,-1.394
U019,36,9,18,75.37,0,0,0,5,0.651,0.4014,-0.6034,-0.8445,0.0,-0.1826,0.502
U019,37,9,24,75.78,1,0,0,4,0.6097,1.0076,-0.5538,0.3071,0.0,-0.1826,0.0756
U019,38,8,11,94.32,0,0,0,4,-0.6097,-0.3429,0.6846,-0.8932,0.0,-0.1826,0.1021
U019,39,9,12,85.83,0,0,0,1,0.6097,-0.2558,0.2195,-0.8367,0.0,-0.1826,-1.0346
U019,40,7,9,86.71,1,0,0,6,-1.8715,-0.5296,0.2491,0.3586,0.0,-0.1826,0.9053
U019,41,8,11,111.03,1,0,1,3,-0.5424,-0.2692,2.1867,0.3222,0.0,5.2946,-0.2939
U019,42,8,5,65.73,0,0,0,1,-0.5048,-0.9059,-1.2614,-0.9382,0.0,-0.2628,-1.0803
U019,43,8,32,73.06,0,0,0,2,-0.4678,2.0349,-0.7918,-0.9382,0.0,-0.2628,-0.6269
U019,44,8,23,104.32,0,0,0,9,-0.5303,0.9182,1.5237,-0.9382,0.0,-0.2628,2.3764
U019,45,9,20,86.95,0,0,2,2,0.7374,0.5743,0.1689,-0.886,0.0,7.6203,-0.5837
U019,46,7,12,100.91,2,0,0,4,-1.8898,-0.2921,1.1569,1.5538,0.0,-0.3071,0.2195
U019,47,7,24,56.01,0,1,0,5,-1.754,0.9421,-2.2389,-0.8932,1.0,-0.3071,0.5769
U019,48,7,9,101.54,0,0,0,3,-1.6619,-0.7089,1.0967,-0.8367,-0.1826,-0.3071,-0.2098
U019,49,8,21,74.79,0,0,0,0,-0.3586,0.5743,-0.7702,-0.8367,-0.1826,-0.3071,-1.4107
U019,50,9,14,83.97,1,0,0,3,0.886,-0.1533,-0.1683,0.3949,-0.1826,-0.3071,-0.1429
U019,51,9,16,83.32,0,1,0,0,0.8367,0.0501,-0.1698,-0.8367,5.2946,-0.3071,-1.3
U019,52,8,10,73.03,2,0,0,5,-0.3586,-0.5939,-0.8884,1.5794,-0.2628,-0.3071,0.65
U019,53,9,23,93.49,0,0,0,3,0.8367,0.8901,0.5836,-0.7983,-0.2628,-0.3071,-0.1999
U019,54,9,0,91.35,0,1,0,7,0.7831,-1.6735,0.4726,-0.7448,3.6788,-0.3071,1.3962
U019,55,9,14,92.5,0,0,0,0,0.7374,-0.0253,0.5377,-0.7448,-0.3277,-0.3071,-1.5567
U019,56,7,18,62.37,0,0,0,5,-1.7206,0.4167,-1.7565,-0.6934,-0.3277,-0.3071,0.6103
U019,57,8,33,89.94,0,0,0,7,-0.3949,2.0274,0.3914,-0.651,-0.3277,-0.2484,1.4207
U019,58,8,0,101.85,1,0,0,9,-0.3586,-1.6123,1.2428,0.6097,-0.3277,-0.2484,2.1368
U019,59,9,23,103.82,0,0,0,2,0.886,0.7905,1.3431,-0.651,-0.3277,-0.2484,-0.6636
U019,60,9,10,77.04,1,0,0,7,0.9907,-0.6733,-0.5855,0.5696,-0.3277,-0.2484,1.3436
U020,1,10,32,38.33,0,0,0,5,0.0,0.0,0.0,0.0,0.0,0.0,0.0
U020,2,9,28,21.04,0,0,0,12,-1.0,-4.0,-17.29,0.0,0.0,0.0,7.0
U020,3,9,33,27.92,1,0,0,7,-0.7071,1.0607,-0.1444,1.0,0.0,0.0,-0.303
U020,4,10,32,43.19,3,0,0,10,1.1547,0.378,1.619,4.6188,0.0,0.0,0.5547
U020,5,9,31,33.22,0,1,0,12,-0.866,-0.1127,0.0599,-0.7071,1.0,0.0,1.1257
U020,6,9,37,38.51,1,0,0,9,-0.7303,3.0153,0.6654,0.1534,-0.4472,0.0,-0.0642
U020,7,10,30,11.61,0,0,0,5,1.291,-0.7403,-2.7253,-0.7128,-0.4082,0.0,-1.4951
U020,8,9,26,49.42,0,0,0,10,-0.8018,-2.0959,1.6917,-0.6419,-0.378,0.0,0.4775
U020,9,9,25,21.65,0,0,0,2,-0.7246,-1.8483,-0.9152,-0.5893,-0.3536,0.0,-2.3972
U020,10,8,32,16.61,1,0,0,11,-2.6667,0.4191,-1.2434,0.4384,-0.3333,0.0,0.866
U020,11,8,27,41.19,0,0,0,4,-1.8974,-1.0187,0.8932,-0.6211,-0.3162,0.0,-1.2643
U020,12,9,30,3.32,0,0,0,10,-0.1297,-0.0774,-2.2835,-0.5839,-0.3015,0.0,0.6013
U020,13,10,34,12.68,0,0,0,9,1.3711,1.1158,-1.1434,-0.5528,-0.2887,0.0,0.272
U020,14,9,23,16.5,1,0,0,6,-0.2234,-2.2292,-0.7784,0.6139,-0.2773,0.0,-0.6655
U020,15,10,32,11.9,0,0,0,6,1.2928,0.5231,-1.0636,-0.5849,-0.2673,0.0,-0.6325
U020,16,8,39,10.58,1,0,1,8,-1.7748,2.3835,-1.0848,0.6396,-0.2582,1.0,0.0431
U020,17,9,29,34.24,0,0,0,9,-0.1739,-0.3996,0.6664,-0.6124,-0.25,-0.25,0.3767
U020,18,10,29,40.36,0,0,0,7,1.2666,-0.3865,1.0816,-0.5884,-0.2425,-0.2425,-0.3241
U020,19,9,37,3.11,0,0,0,8,-0.2357,1.6235,-1.6676,-0.567,-0.2357,-0.2357,0.0393
U020,20,10,31,22.39,0,0,0,7,1.2235,0.0379,-0.1816,-0.5479,-0.2294,-0.2294,-0.3258
U020,21,10,40,27.62,1,1,0,8,1.1497,2.256,0.1936,0.7958,4.2485,-0.2236,0.056
U020,22,8,26,0.0,0,0,0,5,-1.7678,-1.1935,-1.8174,-0.5742,-0.3166,-0.2182,-1.0934
U020,23,9,38,36.3,0,0,0,8,-0.2482,1.557,0.8592,-0.5572,-0.309,-0.2132,0.104
U020,24,10,30,19.75,0,0,0,5,1.1524,-0.2931,-0.3254,-0.5417,-0.3018,-0.2085,-1.069
U020,25,9,32,36.73,0,0,0,4,-0.2889,0.1572,0.8884,-0.5275,-0.2952,-0.2041,-1.4118
U020,26,9,31,19.36,3,0,0,8,-0.2828,-0.0725,-0.3833,3.7714,-0.2889,-0.2,0.1988
U020,27,9,34,18.45,2,0,1,9,-0.2771,0.6226,-0.4412,1.7903,-0.2831,4.9029,0.5848
U020,28,10,45,2.18,1,0,0,7,1.1957,3.1817,-1.6329,0.5391,-0.2776,-0.2776,-0.2194
U020,29,9,21,21.32,1,0,0,3,-0.3123,-2.2155,-0.1569,0.5269,-0.2724,-0.2724,-1.824
U020,30,10,28,28.03,0,0,0,6,1.1749,-0.6719,0.3361,-0.6345,-0.2674,-0.2674,-0.534
U020,31,9,33,29.16,0,0,0,8,-0.3437,0.3087,0.4138,-0.6199,-0.2628,-0.2628,0.2614
U020,32,8,53,44.57,0,0,0,9,-1.8062,4.1548,1.6093,-0.6199,-0.2628,-0.2628,0.623
U020,33,9,30,33.32,1,0,0,8,-0.2385,-0.3503,0.6718,0.5424,-0.2628,-0.2628,0.2798
U020,34,9,40,42.68,0,0,0,11,-0.2385,1.2086,1.3296,-0.6199,-0.2628,-0.2628,1.5234
U020,35,9,32,4.8,0,0,0,7,-0.1957,-0.0653,-1.4032,-0.5953,-0.2628,-0.2628,-0.1646
U020,36,10,39,29.8,1,0,0,6,1.2718,0.9851,0.4601,0.7785,-0.1826,-0.2628,-0.5434
U020,37,11,36,13.72,1,0,0,7,2.623,0.5183,-0.6649,0.7785,-0.1826,-0.2628,-0.0591
U020,38,7,41,14.99,0,0,1,5,-2.8905,1.2338,-0.5811,-0.639,-0.1826,3.6788,-0.9914
U020,39,10,21,8.04,1,0,0,8,1.0073,-1.8151,-1.0647,0.7303,-0.1826,-0.3277,0.4416
U020,40,10,31,28.98,0,0,0,10,0.9532,-0.3024,0.5669,-0.6839,-0.1826,-0.3277,1.3993
U020,41,9,22,0.6,1,0,0,10,-0.2718,-1.5917,-1.5982,0.7303,-0.1826,-0.3277,1.4591
U020,42,9,34,24.94,0,0,0,6,-0.3222,0.1536,0.3317,-0.6839,-0.1826,-0.3277,-0.7421
U020,43,9,18,0.0,1,0,0,6,-0.3222,-2.1051,-1.6391,0.6839,-0.1826,-0.3277,-0.6895
U020,44,9,43,18.45,3,0,1,12,-0.2855,1.3732,-0.1759,3.3776,-0.1826,2.9496,2.6542
U020,45,8,30,20.04,0,0,0,7,-1.5092,-0.4133,-0.0625,-0.7017,-0.1826,-0.3856,-0.1826
U020,46,9,24,0.0,1,0,0,5,-0.1999,-1.1848,-1.5878,0.4678,-0.1826,-0.3856,-1.2042
U020,47,10,35,27.21,0,0,0,6,0.9936,0.3088,0.4666,-0.7017,-0.1826,-0.3277,-0.6383
U020,48,8,30,32.8,1,0,0,5,-1.5092,-0.3612,0.9021,0.4678,-0.1826,-0.3277,-1.087
U020,49,10,36,7.33,0,0,0,5,0.9993,0.4093,-0.9797,-0.7448,-0.1826,-0.3277,-1.0339
U020,50,9,34,53.81,0,1,0,9,-0.2362,0.1554,2.5496,-0.7448,5.2946,-0.3277,0.9399
U020,51,10,27,2.31,0,0,0,2,0.9993,-0.7646,-1.3296,-0.7448,-0.2628,-0.3277,-2.4023
U020,52,10,24,13.78,1,0,0,2,0.9993,-1.1041,-0.4647,0.4678,-0.1826,-0.3277,-2.1215
U020,53,11,34,25.94,1,0,0,12,2.1619,0.2068,0.3365,0.4312,-0.1826,-0.3277,2.118
U020,54,10,28,12.64,1,1,0,8,0.7983,-0.5563,-0.5772,0.3949,5.2946,-0.3277,0.4063
U020,55,9,27,0.0,0,0,0,5,-0.3421,-0.6754,-1.4498,-0.8367,-0.2628,-0.3277,-0.7802
U020,56,10,26,33.16,1,0,1,9,0.7983,-0.7778,0.9686,0.3586,-0.2628,2.9496,0.7516
U020,57,9,28,0.0,0,0,0,4,-0.377,-0.4936,-1.3612,-0.8816,-0.2628,-0.3856,-1.1964
U020,58,9,32,16.43,2,0,1,9,-0.377,0.0424,-0.182,2.1112,-0.2628,2.9496,0.7872
U020,59,10,35,31.64,0,0,0,7,0.7983,0.5063,0.8211,-0.8288,-0.2628,-0.3856,0.0
U020,60,9,22,23.9,0,0,0,7,-0.377,-1.345,0.2655,-0.7785,-0.2628,-0.3856,-0.0524
U021,1,12,49,82.67,2,0,0,8,0.0,0.0,0.0,0.0,0.0,0.0,0.0
U021,2,10,41,69.09,2,0,0,7,-2.0,-8.0,-13.58,0.0,0.0,0.0,-1.0
U021,3,8,34,70.71,0,0,0,9,-2.1213,-1.9445,-0.5384,-2.0,0.0,0.0,2.1213
U021,4,7,30,102.12,2,0,0,10,-1.5,-1.51,3.7701,0.5773,0.0,0.0,2.0
U021,5,8,35,73.82,1,0,0,4,-0.5637,-0.4193,-0.4809,-0.5,0.0,0.0,-3.4857
U021,6,9,31,71.06,1,0,1,6,0.0,-0.9194,-0.6341,-0.4472,0.0,1.0,-0.695
U021,7,9,41,91.67,1,0,0,5,0.0,0.604,1.0604,-0.4082,0.0,-0.4082,-1.0801
U021,8,7,23,89.03,2,0,0,11,-1.2247,-2.1162,0.7025,0.9449,0.0,-0.378,1.8516
U021,9,11,34,99.33,0,0,0,9,1.3481,-0.1867,1.4926,-1.8481,0.0,-0.3536,0.6124
U021,10,10,34,94.52,1,0,1,10,0.5773,-0.177,0.877,-0.2667,0.0,2.6667,0.9949
U021,11,6,43,73.95,0,0,0,16,-1.8637,1.0963,-0.8297,-1.5213,0.0,-0.4743,3.475
U021,12,7,34,81.95,2,0,0,10,-0.9914,-0.2671,-0.1215,1.0937,0.0,-0.4495,0.4139
U021,13,10,35,73.32,0,0,1,10,0.7303,-0.1097,-0.8486,-1.3975,0.0,2.1409,0.3948
U021,14,8,43,84.42,0,0,0,4,-0.4305,1.1157,0.1602,-1.2489,0.0,-0.5262,-1.5885
U021,15,9,33,92.15,3,0,0,9,0.1653,-0.4878,0.846,2.2803,0.0,-0.5032,0.156
U021,16,7,29,72.94,3,0,0,8,-1.0394,-1.0932,-0.9396,1.8847,0.0,-0.483,-0.1726
U021,17,10,47,79.07,1,0,1,10,0.8242,1.7791,-0.3279,-0.2348,0.0,2.0156,0.5019
U021,18,8,28,74.71,1,0,0,11,-0.428,-1.2084,-0.7262,-0.2279,0.0,-0.5381,0.8269
U021,19,6,24,72.01,1,0,0,8,-1.6575,-1.7093,-0.9531,-0.2215,0.0,-0.5195,-0.2502
U021,20,10,42,73.22,2,0,0,7,0.8778,0.9476,-0.7909,0.8086,0.0,-0.5026,-0.5994
U021,21,8,30,80.19,1,0,0,11,-0.3599,-0.7646,-0.0867,-0.2587,0.0,-0.4873,0.8694
U021,22,9,32,116.46,1,0,0,5,0.2629,-0.4553,3.5067,-0.2523,0.0,-0.4734,-1.355
U021,23,7,36,79.18,1,0,0,12,-0.9984,0.1303,-0.2799,-0.2464,0.0,-0.4606,1.2382
U021,24,7,37,97.38,1,0,0,12,-0.956,0.2742,1.2242,-0.2409,0.0,-0.4487,1.172
U021,25,8,48,81.76,0,0,0,14,-0.2887,1.9153,-0.1112,-1.3675,0.0,-0.4378,1.8201
U021,26,11,27,81.65,3,0,1,11,1.6445,-1.242,-0.1182,2.0487,0.0,2.245,0.6611
U021,27,8,34,77.12,2,0,0,13,-0.3353,-0.1953,-0.5007,0.8088,0.0,-0.4785,1.3257
U021,28,9,31,76.14,1,0,0,4,0.3051,-0.623,-0.5739,-0.2745,0.0,-0.4678,-1.7714
U021,29,11,30,77.75,2,0,0,5,1.5887,-0.7533,-0.4199,0.8082,0.0,-0.4578,-1.3226
U021,30,8,35,97.16,1,0,0,11,-0.3903,0.0,1.3091,-0.2993,0.0,-0.4485,0.664
U021,31,9,24,80.49,3,0,0,9,0.2553,-1.6417,-0.21,1.9107,0.0,-0.4397,0.0
U021,32,8,33,68.44,0,0,0,9,-0.3491,-0.1809,-1.259,-1.3651,0.0,-0.4397,-0.0108
U021,33,10,33,103.02,1,0,0,9,1.1139,-0.1424,1.7678,-0.2402,0.0,-0.4397,-0.0327
U021,34,11,32,80.27,2,0,0,8,1.7453,-0.2952,-0.3053,0.7765,0.0,-0.4397,-0.36
U021,35,6,33,107.01,0,0,0,10,-1.7871,-0.1484,2.1162,-1.3412,0.0,-0.4397,0.3162
U021,36,10,31,97.55,1,0,0,9,0.9268,-0.4557,1.114,-0.2402,0.0,-0.4397,-0.0802
U021,37,6,35,92.37,1,0,0,7,-1.6593,0.1802,0.6078,-0.2402,0.0,-0.3856,-0.8203
U021,38,8,20,77.11,2,0,0,9,-0.3059,-2.2224,-0.6743,0.7892,0.0,-0.3856,-0.1448
U021,39,12,22,116.78,0,0,0,9,2.149,-1.8215,2.6706,-1.2696,0.0,-0.3856,-0.1214
U021,40,12,22,84.32,0,0,0,8,2.0497,-1.669,-0.0776,-1.2696,0.0,-0.3856,-0.4856
U021,41,10,40,70.28,1,0,0,14,0.7716,1.0347,-1.1337,-0.2007,0.0,-0.3277,1.719
U021,42,7,36,124.09,0,0,0,9,-1.0297,0.4859,2.9924,-1.2696,0.0,-0.3277,-0.0768
U021,43,8,37,86.03,1,0,0,12,-0.4468,0.6199,-0.0167,-0.1691,0.0,-0.3277,1.0894
U021,44,7,29,85.03,0,0,0,13,-0.9971,-0.5495,-0.1137,-1.2483,0.0,-0.2628,1.4224
U021,45,12,40,74.56,1,0,0,5,1.9282,1.1492,-0.8268,-0.208,0.0,-0.2628,-1.783
U021,46,8,37,86.04,1,0,0,12,-0.4184,0.6504,-0.0065,-0.1482,0.0,-0.2628,0.9727
U021,47,10,20,59.45,2,0,0,8,0.6637,-1.8794,-1.8545,1.1276,0.0,-0.2628,-0.5678
U021,48,13,38,83.82,3,0,0,5,2.323,0.909,-0.1364,2.2489,0.0,-0.1826,-1.6463
U021,49,9,43,90.91,1,0,0,9,0.017,1.5971,0.3073,-0.1826,0.0,-0.1826,-0.0947
U021,50,11,34,70.99,0,1,0,6,1.0315,0.1615,-1.0552,-1.278,1.0,-0.1826,-1.1761
U021,51,10,38,105.49,2,0,0,14,0.4737,0.8139,1.2385,0.9752,-0.1826,-0.1826,1.6668
U021,52,10,31,75.33,1,0,0,11,0.4397,-0.2859,-0.7966,-0.1423,-0.1826,-0.1826,0.553
U021,53,6,38,102.04,1,0,0,10,-1.6833,0.7716,1.0826,-0.1423,-0.1826,-0.1826,0.1521
U021,54,10,33,97.58,2,0,1,8,0.4276,0.01,0.7141,0.9248,-0.1826,5.2946,-0.5332
U021,55,9,33,49.48,1,0,0,6,-0.1396,0.0301,-2.536,-0.1755,-0.1826,-0.2628,-1.2088
U021,56,12,29,69.97,2,0,0,11,1.4237,-0.5499,-0.9802,0.8651,-0.1826,-0.2628,0.7016
U021,57,10,34,77.81,1,1,0,13,0.3444,0.2745,-0.4682,-0.1906,5.2946,-0.1826,1.4401
U021,58,7,30,105.31,3,0,0,11,-1.2483,-0.3977,1.1939,2.1696,-0.2628,-0.1826,0.7016
U021,59,11,38,91.6,1,0,0,3,0.8456,0.9505,0.3005,-0.2163,-0.2628,-0.1826,-2.483
U021,60,8,32,94.02,1,0,0,3,-0.6765,-0.0995,0.4185,-0.1826,-0.2628,-0.1826,-2.3295
U022,1,6,13,61.99,0,0,0,8,0.0,0.0,0.0,0.0,0.0,0.0,0.0
U022,2,12,18,18.96,0,0,0,6,6.0,5.0,-43.03,0.0,0.0,0.0,-2.0
U022,3,9,27,30.83,0,0,0,7,0.0,3.2527,-0.317,0.0,0.0,0.0,0.0
U022,4,8,32,48.28,1,0,0,3,-0.3333,1.7854,0.4959,1.0,0.0,0.0,-4.0
U022,5,12,11,66.28,0,0,0,7,1.3,-1.3399,1.385,-0.5,0.0,0.0,0.4629
U022,6,11,14,12.28,0,0,0,9,0.6136,-0.6859,-1.6338,-0.4472,0.0,0.0,1.4556
U022,7,6,15,39.64,0,0,1,11,-1.5138,-0.4918,-0.0058,-0.4082,0.0,1.0,2.0979
U022,8,7,35,46.37,1,1,0,5,-0.8212,2.0816,0.3218,2.2678,1.0,-0.378,-0.9152
U022,9,6,11,7.6,2,0,0,8,-1.1355,-1.0312,-1.7192,3.7804,-0.3536,-0.3536,0.4082
U022,10,6,28,47.35,1,0,0,5,-1.0002,0.9078,0.4959,0.7647,-0.3333,-0.3333,-0.9118
U022,11,6,22,35.02,2,0,1,8,-0.9052,0.1745,-0.1461,2.1213,-0.3162,2.846,0.4819
U022,12,8,23,14.33,1,0,0,6,-0.0362,0.2818,-1.223,0.4495,-0.3015,-0.4495,-0.4564
U022,13,11,28,0.0,1,0,0,9,1.2196,0.8698,-1.8405,0.4282,-0.2887,-0.4282,0.9879
U022,14,9,15,11.2,1,0,0,5,0.2851,-0.7664,-1.0343,0.4097,-0.2773,-0.4097,-0.989
U022,15,11,13,31.94,2,0,0,7,1.1292,-0.9719,0.0238,1.7703,-0.2673,-0.3934,0.0341
U022,16,8,21,33.6,1,0,0,4,-0.2263,0.0828,0.1049,0.2582,-0.2582,-0.3789,-1.4546
U022,17,7,13,0.36,0,0,0,11,-0.6578,-0.948,-1.5925,-1.0833,-0.25,-0.366,2.0416
U022,18,8,23,0.0,1,0,0,2,-0.184,0.3951,-1.4554,0.3127,-0.2425,-0.3542,-2.2086
U022,19,11,21,0.0,1,0,0,7,1.2016,0.1178,-1.3358,0.3035,-0.2357,-0.3436,0.1114
U022,20,10,23,0.0,0,0,0,5,0.6713,0.3875,-1.2419,-1.1068,-0.2294,-0.3338,-0.7168
U022,21,6,21,17.72,0,0,0,10,-1.2027,0.0977,-0.3493,-1.047,-0.2236,-0.3249,1.4015
U022,22,11,25,30.96,0,0,1,6,1.1566,0.6678,0.2837,-0.996,-0.2182,3.0079,-0.3315
U022,23,6,16,0.0,1,0,0,11,-1.1796,-0.6595,-1.2152,0.4442,-0.2132,-0.3882,1.7694
U022,24,6,20,25.29,0,0,0,4,-1.1199,-0.0512,0.056,-0.9897,-0.2085,-0.3788,-1.185
U022,25,9,13,37.15,0,0,1,8,0.2812,-1.1026,0.6338,-0.9497,-0.2041,2.59,0.4641
U022,26,7,24,17.5,0,0,0,7,-0.6424,0.5934,-0.3554,-0.9143,-0.2,-0.4276,0.0485
U022,27,9,11,21.04,0,0,0,6,0.3037,-1.396,-0.1697,-0.8826,-0.1961,-0.4181,-0.3652
U022,28,6,21,0.0,0,0,1,7,-1.1208,0.1715,-1.2462,-0.854,-0.1924,2.3531,0.0622
U022,29,7,24,22.29,0,0,1,4,-0.6056,0.6248,-0.0573,-0.8281,-0.189,2.1061,-1.2227
U022,30,6,37,34.73,1,0,0,6,-1.0681,2.6101,0.5878,0.6536,-0.1857,-0.5019,-0.3221
U022,31,7,11,1.13,1,0,0,8,-0.555,-1.3524,-1.1853,0.6383,-0.1826,-0.4916,0.5464
U022,32,7,29,0.0,0,0,0,5,-0.5785,1.179,-1.2009,-0.8893,-0.1826,-0.4916,-0.7477
U022,33,7,21,13.48,0,0,0,9,-0.5283,0.0136,-0.4112,-0.8893,-0.1826,-0.4916,0.9844
U022,34,7,24,36.29,1,0,0,10,-0.4942,0.4561,0.8536,0.5929,-0.1826,-0.4916,1.3623
U022,35,6,18,6.27,2,0,1,10,-0.9844,-0.3503,-0.7703,2.0751,-0.1826,1.9664,1.2853
U022,36,9,19,43.82,0,0,0,6,0.6895,-0.2475,1.6184,-0.9374,-0.1826,-0.5424,-0.4588
U022,37,7,19,63.43,1,0,0,5,-0.3813,-0.2768,2.6804,0.4687,-0.1826,-0.5424,-0.841
U022,38,7,22,18.13,0,0,0,6,-0.4058,0.158,-0.1016,-0.9968,-0.1826,-0.4916,-0.3508
U022,39,6,28,42.64,0,0,0,9,-0.9855,1.2472,1.363,-0.9374,0.0,-0.4916,0.9586
U022,40,10,22,53.72,1,0,0,6,1.3333,0.1537,1.8935,0.5929,0.0,-0.4916,-0.3792
U022,41,6,24,15.82,0,0,0,4,-1.0514,0.5426,-0.2534,-0.8893,0.0,-0.4916,-1.2807
U022,42,9,21,58.52,1,0,0,5,0.6691,0.0058,2.1673,0.7421,0.0,-0.4397,-0.7633
U022,43,8,27,9.73,0,0,0,9,0.0759,1.0654,-0.5994,-0.8482,0.0,-0.4397,0.9715
U022,44,6,22,26.39,0,0,0,6,-1.0679,0.1993,0.2556,-0.794,0.0,-0.4397,-0.3143
U022,45,9,23,27.61,0,0,0,7,0.7994,0.3405,0.2947,-0.7421,0.0,-0.4397,0.1008
U022,46,6,5,13.94,1,0,0,6,-1.0211,-3.0582,-0.4255,1.0653,0.0,-0.4397,-0.3312
U022,47,8,20,0.0,2,0,0,4,0.2932,-0.1462,-1.1386,2.8407,0.0,-0.4397,-1.2535
U022,48,8,18,55.93,0,0,0,3,0.2724,-0.5244,1.8553,-0.7421,0.0,-0.4397,-1.6551
U022,49,9,20,0.0,1,0,0,8,0.9011,-0.1613,-1.1992,0.9051,0.0,-0.4397,0.6481
U022,50,9,30,51.43,1,0,0,1,1.0137,1.5127,1.4686,0.9051,0.0,-0.4397,-2.6696
U022,51,6,12,18.74,2,0,0,10,-1.0242,-1.4762,-0.3134,2.4385,0.0,-0.4397,1.4783
U022,52,8,32,3.84,0,0,1,6,0.3724,1.7311,-1.0824,-0.7826,0.0,2.1985,-0.2274
U022,53,9,27,36.9,1,0,0,1,1.2834,0.8796,0.6547,0.6848,0.0,-0.4397,-2.3597
U022,54,6,15,24.62,1,0,0,5,-1.1464,-0.9623,-0.0295,0.6848,0.0,-0.4397,-0.5004
U022,55,6,32,33.55,1,0,0,4,-1.1464,1.5692,0.4328,0.6383,0.0,-0.4397,-0.941
U022,56,11,25,72.29,2,0,1,8,2.855,0.4443,2.4482,2.0751,0.0,2.5067,0.7973
U022,57,10,21,22.07,1,0,0,9,1.7453,-0.1398,-0.2281,0.4687,0.0,-0.4397,1.1929
U022,58,8,21,0.0,0,0,1,3,0.3155,-0.1969,-1.2778,-0.9968,0.0,2.1985,-1.3148
U022,59,9,26,47.92,1,0,0,10,0.9637,0.5604,0.9976,0.4272,0.0,-0.4397,1.5454
U022,60,6,19,16.39,1,0,0,9,-1.1338,-0.5077,-0.5319,0.3856,0.0,-0.3856,1.0431
U023,1,8,27,2.87,1,0,0,11,0.0,0.0,0.0,0.0,0.0,0.0,0.0
U023,2,9,29,39.45,1,0,0,9,1.0,2.0,36.58,0.0,0.0,0.0,-2.0
U023,3,10,26,45.14,1,0,0,13,2.1213,-1.4142,0.9271,0.0,0.0,0.0,2.1213
U023,4,11,33,46.36,0,0,0,9,2.0,3.7097,0.7501,-1.0,0.0,0.0,-1.0
U023,5,10,35,15.25,1,0,0,8,0.3873,2.0189,-0.8833,0.5,0.0,0.0,-1.3056
U023,6,12,24,0.0,0,0,0,7,2.1049,-1.5492,-1.5197,-1.7889,0.0,0.0,-1.5
U023,7,9,24,6.78,0,0,0,12,-0.7071,-1.1785,-0.8459,-1.291,0.0,0.0,1.1532
U023,8,7,29,21.0,0,0,1,13,-2.124,0.1657,-0.0612,-1.069,0.0,1.0,1.4331
U023,9,11,29,0.0,1,0,0,4,0.9354,0.1563,-1.1556,0.9354,0.0,-0.3536,-2.7003
U023,10,10,27,16.83,1,0,0,12,0.2108,-0.3857,-0.1457,0.8433,0.0,-0.3333,0.8136
U023,11,8,18,49.16,0,0,0,3,-1.1376,-2.8928,1.631,-1.1619,0.0,-0.3162,-2.3158
U023,12,11,28,42.25,4,0,0,7,0.9648,0.1387,1.0335,6.6149,0.0,-0.3015,-0.6308
U023,13,9,34,52.96,1,1,0,10,-0.4452,1.5034,1.4975,0.1495,1.0,-0.2887,0.2978
U023,14,9,24,5.9,1,0,0,6,-0.4257,-0.8579,-0.9878,0.144,-0.2773,-0.2773,-0.9536
U023,15,9,24,0.0,2,0,0,9,-0.4086,-0.8065,-1.2116,1.1127,-0.2673,-0.2673,0.0445
U023,16,8,34,0.0,1,0,1,11,-1.131,1.4822,-1.1161,0.0645,-0.2582,3.6148,0.6902
U023,17,9,16,0.0,0,0,0,9,-0.3206,-2.5637,-1.0406,-0.9395,-0.25,-0.366,0.0
U023,18,12,18,3.3,0,0,0,14,1.9524,-1.7197,-0.8191,-0.8889,-0.2425,-0.3542,1.7025
U023,19,8,32,5.17,2,0,0,8,-1.0928,0.9667,-0.6906,1.1842,-0.2357,-0.3436,-0.4144
U023,20,7,35,38.27,0,0,0,6,-1.7315,1.4586,0.9795,-0.9,-0.2294,-0.3338,-1.0664
U023,21,9,22,0.0,1,0,0,5,-0.2339,-0.9292,-0.9725,0.1518,-0.2236,-0.3249,-1.3424
U023,22,8,33,7.13,0,0,0,3,-0.9129,1.0482,-0.5727,-0.8895,-0.2182,-0.3166,-1.9075
U023,23,10,22,33.83,0,0,0,11,0.5004,-0.9354,0.7991,-0.8541,-0.2132,-0.309,0.7421
U023,24,10,29,23.7,1,0,0,11,0.4871,0.3377,0.2526,0.2285,-0.2085,-0.3018,0.7176
U023,25,9,19,0.0,0,1,0,11,-0.2374,-1.4706,-0.9919,-0.8499,4.6948,-0.2952,0.6954
U023,26,9,23,26.41,2,0,0,6,-0.2326,-0.6765,0.429,1.3397,-0.2889,-0.2889,-0.9172
U023,27,12,30,45.18,2,0,0,12,1.9948,0.5893,1.4184,1.2699,-0.2831,-0.2831,1.0328
U023,28,13,22,49.79,0,0,0,8,2.5278,-0.869,1.583,-0.8978,-0.2776,-0.2776,-0.284
U023,29,8,25,0.0,3,0,0,4,-0.99,-0.298,-1.0498,2.3056,-0.2724,-0.2724,-1.5792
U023,30,9,25,25.59,1,0,0,4,-0.3115,-0.2926,0.2903,0.1022,-0.2674,-0.2674,-1.4878
U023,31,11,26,3.87,2,0,0,14,1.0053,-0.1,-0.8385,1.1057,-0.2628,-0.2628,1.7012
U023,32,11,26,57.52,2,0,0,8,0.9404,-0.0937,1.9384,1.0511,-0.2628,-0.2628,-0.1898
U023,33,10,23,18.31,0,1,0,9,0.2378,-0.6397,-0.119,-0.9355,3.6788,-0.2628,0.1198
U023,34,10,31,38.23,2,0,0,8,0.2378,0.8784,0.9368,1.0176,-0.3277,-0.2628,-0.1443
U023,35,10,22,52.23,1,0,0,7,0.2628,-0.8023,1.691,0.0,-0.3277,-0.2628,-0.4432
U023,36,9,29,58.32,3,0,0,13,-0.3942,0.6323,1.8581,1.9039,-0.3277,-0.2628,1.418
U023,37,11,30,70.3,2,0,0,6,1.03,0.7937,2.2733,0.8228,-0.3277,-0.2628,-0.7788
U023,38,9,29,3.24,1,0,0,6,-0.3834,0.5534,-0.9635,-0.1535,-0.3277,-0.2628,-0.7257
U023,39,7,27,13.89,2,0,0,8,-1.8789,0.1628,-0.4553,0.7522,-0.3277,-0.1826,-0.0518
U023,40,9,37,48.54,2,0,0,11,-0.3433,2.1395,1.0645,0.7147,-0.3277,-0.1826,0.8654
U023,41,8,30,31.53,0,0,1,10,-1.0074,0.6522,0.2533,-1.1721,-0.3277,5.2946,0.562
U023,42,10,25,42.37,1,0,0,6,0.3663,-0.3482,0.7693,-0.2468,-0.3277,-0.2628,-0.8523
U023,43,8,25,13.59,0,0,0,13,-1.0018,-0.3288,-0.5189,-1.2282,-0.3277,-0.2628,1.5334
U023,44,9,24,10.71,0,0,0,12,-0.2753,-0.4774,-0.6036,-1.1645,-0.2628,-0.2628,1.1224
U023,45,10,26,30.41,1,0,0,10,0.413,-0.085,0.294,-0.1005,-0.2628,-0.2628,0.4002
U023,46,9,32,28.58,1,0,0,5,-0.2979,1.0833,0.1664,-0.068,-0.2628,-0.2628,-1.23
U023,47,11,23,16.25,1,0,0,7,1.0708,-0.6884,-0.4709,-0.068,-0.2628,-0.1826,-0.5102
U023,48,10,33,21.6,0,0,0,11,0.3205,1.3668,-0.2446,-1.1464,-0.2628,-0.1826,0.7835
U023,49,8,28,58.58,0,0,0,4,-1.0605,0.1863,1.591,-1.1464,-0.2628,-0.1826,-1.4711
U023,50,10,26,50.48,0,0,0,5,0.3856,-0.2358,1.0716,-1.0716,-0.2628,-0.1826,-1.0577
U023,51,11,28,48.99,1,0,1,8,1.0986,0.3076,0.9621,-0.0346,-0.2628,5.2946,-0.0846
U023,52,11,21,58.56,2,0,0,3,1.0309,-1.474,1.3828,1.0024,-0.2628,-0.2628,-1.7366
U023,53,7,38,23.81,0,0,0,3,-2.0844,2.8683,-0.4429,-1.1464,-0.2628,-0.2628,-1.7366
U023,54,10,33,37.6,1,0,0,7,0.2616,1.3432,0.261,-0.1042,-0.2628,-0.2628,-0.3439
U023,55,11,25,65.63,0,0,1,8,0.9751,-0.485,1.6359,-1.1464,-0.2628,3.6788,0.0106
U023,56,9,23,52.22,1,0,0,5,-0.4937,-1.0261,0.8636,-0.1042,-0.1826,-0.3277,-0.9234
U023,57,9,34,27.53,2,0,0,6,-0.4937,1.5392,-0.4145,0.9882,-0.1826,-0.3277,-0.5857
U023,58,11,28,0.0,3,0,0,6,1.0336,0.1053,-1.7565,2.0471,-0.1826,-0.3277,-0.5363
U023,59,6,22,47.35,0,0,0,8,-2.8861,-1.3313,0.6576,-1.1838,-0.1826,-0.3277,0.1417
U023,60,10,35,10.5,0,0,0,9,0.3928,1.672,-1.233,-1.1294,-0.1826,-0.3277,0.4356
U024,1,11,47,91.83,0,0,0,15,0.0,0.0,0.0,0.0,0.0,0.0,0.0
U024,2,10,38,56.25,1,0,0,8,-1.0,-9.0,-35.58,1.0,0.0,0.0,-7.0
U024,3,6,22,88.48,1,0,0,7,-6.364,-3.2213,0.574,0.7071,0.0,0.0,-0.9091
U024,4,9,27,43.92,1,0,0,11,0.0,-0.6844,-1.7781,0.5773,0.0,0.0,0.2294
U024,5,12,26,84.75,0,0,0,11,1.3887,-0.669,0.6169,-1.5,0.0,0.0,0.2087
U024,6,9,31,125.07,0,0,0,7,-0.2606,-0.0974,2.4136,-1.0954,0.0,0.0,-1.0861
U024,7,8,20,82.24,0,0,0,13,-0.7234,-1.2868,0.0182,-0.9129,0.0,0.0,1.0133
U024,8,9,30,65.29,0,0,0,5,-0.1446,-0.015,-0.6302,-0.8018,0.0,0.0,-1.7085
U024,9,8,22,55.66,0,0,0,1,-0.6822,-0.9226,-0.9652,-0.7246,0.0,0.0,-2.5219
U024,10,9,21,58.59,0,0,0,6,-0.063,-0.9482,-0.7486,-0.6667,0.0,0.0,-0.62
U024,11,11,12,78.14,0,0,0,10,1.1423,-1.9116,0.1223,-0.6211,0.0,0.0,0.3863
U024,12,9,28,59.03,0,0,0,16,-0.1625,0.1146,-0.7224,-0.5839,0.0,0.0,1.883
U024,13,6,40,72.69,1,0,0,8,-2.028,1.4309,-0.0637,1.6583,0.0,0.0,-0.2685
U024,14,13,14,25.52,0,0,0,11,2.2478,-1.4868,-2.2785,-0.6405,0.0,0.0,0.4609
U024,15,11,16,93.66,0,0,0,7,0.8502,-1.1236,0.9556,-0.6094,0.0,0.0,-0.5479
U024,16,6,37,82.66,0,0,1,5,-1.7061,1.0894,0.4397,-0.5826,0.0,1.0,-1.0331
U024,17,8,0,51.38,0,0,0,10,-0.5643,-2.7239,-0.9124,-0.559,0.0,-0.25,0.3017
U024,18,9,14,66.01,0,0,0,13,-0.0572,-0.9794,-0.2353,-0.5381,0.0,-0.2425,1.0773
U024,19,11,13,64.47,2,0,0,5,0.946,-1.0141,-0.2969,4.1557,0.0,-0.2357,-1.0725
U024,20,11,34,72.76,1,0,0,13,0.9,0.8566,0.088,1.1748,0.0,-0.2294,1.0683
U024,21,12,51,104.31,0,0,0,7,1.3663,2.3039,1.5585,-0.5961,0.0,-0.2236,-0.5453
U024,22,9,24,44.75,1,0,1,10,-0.2128,-0.1478,-1.2551,1.1547,0.0,4.3643,0.2644
U024,23,7,12,83.6,1,0,0,13,-1.2242,-1.1224,0.5519,1.0951,0.0,-0.309,1.0698
U024,24,6,21,86.97,0,0,0,11,-1.6629,-0.3386,0.6897,-0.6712,0.0,-0.3018,0.4812
U024,25,6,13,67.47,0,0,0,10,-1.5393,-0.9928,-0.2274,-0.6513,0.0,-0.2952,0.1945
U024,26,7,29,82.03,0,0,0,8,-0.9663,0.3711,0.4601,-0.6331,0.0,-0.2889,-0.37
U024,27,9,32,82.64,0,0,0,9,0.0183,0.6161,0.4787,-0.6164,0.0,-0.2831,-0.0768
U024,28,7,40,96.28,0,0,0,6,-0.9502,1.2834,1.1282,-0.6009,0.0,-0.2776,-0.9482
U024,29,10,27,74.41,0,0,0,6,0.5372,0.1267,0.0293,-0.5866,0.0,-0.2724,-0.9166
U024,30,10,16,64.88,0,0,0,10,0.5255,-0.8211,-0.4389,-0.5732,0.0,-0.2674,0.2825
U024,31,8,31,35.91,0,0,0,12,-0.4813,0.4987,-1.8726,-0.5608,0.0,-0.2628,0.8724
U024,32,8,31,81.89,1,0,0,6,-0.4381,0.5794,0.4893,1.3085,0.0,-0.2628,-0.9209
U024,33,6,29,82.27,0,0,0,11,-1.4197,0.4257,0.4694,-0.5608,0.0,-0.2628,0.6437
U024,34,11,14,71.2,0,0,0,7,1.1155,-1.0027,-0.0537,-0.512,0.0,-0.2628,-0.6229
U024,35,11,23,64.75,0,0,0,7,1.06,-0.1169,-0.4246,-0.463,0.0,-0.2628,-0.5824
U024,36,10,45,60.51,0,0,0,11,0.5932,1.9229,-0.6058,-0.463,0.0,-0.2628,0.686
U024,37,6,25,60.35,2,0,0,13,-1.4492,0.0321,-0.58,3.5052,0.0,-0.2628,1.2567
U024,38,9,32,71.23,0,0,0,9,0.098,0.6321,0.0904,-0.5034,0.0,-0.2628,0.0307
U024,39,6,29,72.76,0,0,1,13,-1.3719,0.3617,0.1677,-0.5034,0.0,3.6788,1.248
U024,40,11,31,72.44,1,0,1,6,1.0795,0.5158,0.1175,1.1746,0.0,2.9496,-1.195
U024,41,9,16,91.33,0,0,0,10,0.0935,-0.8231,1.2088,-0.5496,0.0,-0.3856,0.1972
U024,42,6,31,67.36,0,0,0,10,-1.3017,0.4799,-0.2304,-0.5496,0.0,-0.3856,0.1972
U024,43,10,38,64.58,0,1,0,9,0.6335,1.0859,-0.4108,-0.5496,1.0,-0.3856,-0.0899
U024,44,11,24,53.56,0,0,0,11,1.0574,-0.1419,-1.0357,-0.5034,-0.1826,-0.3856,0.6704
U024,45,6,22,81.02,2,0,0,7,-1.3483,-0.3554,0.5731,2.8525,-0.1826,-0.3856,-0.8767
U024,46,8,21,71.83,0,0,0,6,-0.265,-0.4695,-0.002,-0.5483,-0.1826,-0.3856,-1.2634
U024,47,7,16,40.19,0,0,0,12,-0.8171,-0.8909,-2.135,-0.5483,-0.1826,-0.3277,1.0653
U024,48,8,32,69.96,0,0,0,8,-0.2866,0.5975,-0.0761,-0.5483,-0.1826,-0.3277,-0.5298
U024,49,10,21,53.66,0,0,0,10,0.7415,-0.5973,-1.1507,-0.5483,-0.1826,-0.3277,0.3204
U024,50,12,30,77.87,0,0,0,10,1.8012,0.3222,0.4475,-0.5034,-0.1826,-0.3277,0.2672
U024,51,9,27,75.98,0,0,0,9,0.2339,0.0144,0.3143,-0.4572,-0.1826,-0.3277,-0.1173
U024,52,12,28,38.32,2,0,0,2,1.8892,0.2406,-2.215,2.9716,-0.1826,-0.3277,-3.2833
U024,53,7,44,69.08,0,1,0,8,-0.7684,2.2162,-0.056,-0.4606,5.2946,-0.2628,-0.4104
U024,54,8,22,56.52,0,0,0,9,-0.2673,-0.642,-0.8861,-0.4169,-0.2628,-0.2628,0.0401
U024,55,12,36,58.82,0,0,1,8,1.7521,1.0636,-0.6679,-0.4169,-0.2628,3.6788,-0.3381
U024,56,8,25,108.35,0,0,0,11,-0.4056,-0.3899,2.7813,-0.4169,-0.2628,-0.3277,0.9082
U024,57,8,21,95.5,0,0,0,13,-0.4276,-0.8796,1.6514,-0.4169,-0.2628,-0.3277,1.6615
U024,58,10,37,49.93,1,0,0,11,0.6139,1.1877,-1.1754,1.1464,-0.2628,-0.3277,0.7693
U024,59,11,36,70.95,0,0,0,7,1.0847,1.0943,0.1899,-0.4606,-0.2628,-0.3277,-0.8461
U024,60,6,38,69.09,0,0,0,7,-1.4935,1.287,0.0821,-0.4606,-0.2628,-0.3277,-0.8715
U025,1,9,25,28.84,0,0,0,11,0.0,0.0,0.0,0.0,0.0,0.0,0.0
U025,2,9,24,47.8,0,0,0,12,0.0,-1.0,18.96,0.0,0.0,0.0,1.0
U025,3,11,6,1.55,0,0,0,11,2.0,-26.1629,-2.7426,0.0,0.0,0.0,-0.7071
U025,4,9,34,60.53,1,0,0,10,-0.5773,1.4652,1.4825,1.0,0.0,0.0,-2.3094
U025,5,10,21,25.79,0,0,0,10,0.5,-0.1066,-0.3467,-0.5,0.0,0.0,-1.2247
U025,6,10,27,16.12,0,0,0,8,0.4472,0.4915,-0.744,-0.4472,0.0,0.0,-3.3466
U025,7,9,37,81.33,0,0,1,11,-0.8165,1.5191,2.4041,-0.4082,0.0,1.0,0.4879
U025,8,8,35,66.14,2,0,0,12,-1.9972,1.0085,1.0464,4.9135,0.0,-0.378,1.235
U025,9,8,19,52.7,0,0,0,10,-1.5009,-0.7141,0.4271,-0.504,0.0,-0.3536,-0.4799
U025,10,6,20,58.36,0,0,1,8,-3.3156,-0.5538,0.6199,-0.4714,0.0,2.6667,-2.0675
U025,11,11,31,24.7,0,0,0,15,1.5325,0.6713,-0.7708,-0.4445,0.0,-0.4743,3.3142
U025,12,8,20,26.96,0,0,0,10,-0.7544,-0.5987,-0.6246,-0.4217,0.0,-0.4495,-0.3722
U025,13,10,30,59.54,1,0,0,8,0.7071,0.5856,0.7888,1.2066,0.0,-0.4282,-1.4223
U025,14,10,23,16.05,0,0,0,11,0.6679,-0.2737,-1.1327,-0.4881,0.0,-0.4097,0.2773
U025,15,9,37,54.2,0,0,2,12,-0.1058,1.4598,0.5879,-0.4674,0.0,5.1142,0.8018
U025,16,7,22,59.51,0,0,0,12,-1.6385,-0.468,0.7953,-0.4492,0.0,-0.4492,0.7593
U025,17,9,35,19.45,0,0,0,9,0.0,1.1386,-1.0251,-0.433,0.0,-0.433,-0.9295
U025,18,9,21,34.71,0,0,2,10,0.0,-0.6357,-0.2865,-0.4185,0.0,3.1384,-0.3259
U025,19,9,33,17.41,0,0,0,8,0.0,0.8728,-1.0694,-0.4053,0.0,-0.4859,-1.455
U025,20,9,9,51.6,1,0,0,6,0.0,-2.1588,0.5492,1.4748,0.0,-0.4706,-2.4496
U025,21,8,45,32.73,1,0,0,9,-0.8238,2.2434,-0.3458,1.3633,0.0,-0.4567,-0.5953
U025,22,10,27,61.68,0,0,0,9,0.8707,0.0651,1.0404,-0.5096,0.0,-0.4439,-0.5766
U025,23,7,38,72.16,0,0,1,11,-1.6733,1.2494,1.4906,-0.4954,0.0,1.1524,0.4663
U025,24,11,16,13.77,0,0,0,11,1.6831,-1.1634,-1.3167,-0.4824,0.0,-0.4793,0.4543
U025,25,9,36,56.07,0,0,0,11,0.0,1.0107,0.6896,-0.4703,0.0,-0.4673,0.4431
U025,26,9,26,9.14,0,0,1,8,0.0,-0.089,-1.5004,-0.4591,0.0,1.1731,-1.1902
U025,27,12,21,81.18,0,0,0,5,2.4333,-0.628,1.8459,-0.4486,0.0,-0.4981,-2.7476
U025,28,10,27,23.39,0,0,0,7,0.6635,0.0446,-0.8001,-0.4389,0.0,-0.4869,-1.4107
U025,29,7,29,43.51,2,0,0,9,-1.6168,0.2669,0.1011,3.5809,0.0,-0.4763,-0.3895
U025,30,9,13,48.08,1,0,0,7,-0.0507,-1.5528,0.3025,1.2244,0.0,-0.4665,-1.345
U025,31,9,21,33.69,0,0,0,8,-0.0498,-0.5804,-0.3527,-0.5034,0.0,-0.4572,-0.8082
U025,32,10,12,36.55,0,0,1,12,0.6979,-1.5555,-0.2316,-0.5034,0.0,1.2572,1.137
U025,33,7,22,0.95,1,0,0,9,-1.5578,-0.3929,-1.8289,1.1746,0.0,-0.5034,-0.2843
U025,34,7,24,63.19,0,0,0,9,-1.4552,-0.257,0.9924,-0.5496,0.0,-0.5034,-0.2544
U025,35,10,33,6.43,0,0,0,9,0.7867,0.8283,-1.5748,-0.5034,0.0,-0.5034,-0.2385
U025,36,10,2,25.51,0,0,0,13,0.7867,-2.8207,-0.6633,-0.5034,0.0,-0.5034,1.6853
U025,37,10,26,25.5,1,0,0,9,0.7867,0.0551,-0.6859,1.1746,0.0,-0.5034,-0.2914
U025,38,10,39,55.61,1,0,0,8,0.7551,1.4723,0.7662,1.0992,0.0,-0.4572,-0.7251
U025,39,7,14,46.0,0,0,0,15,-1.4142,-1.1687,0.3408,-0.5608,0.0,-0.4572,2.6155
U025,40,9,15,73.98,1,0,1,14,0.023,-1.0308,1.6872,1.3085,0.0,1.2572,1.8662
U025,41,6,23,27.53,0,0,0,10,-2.2931,-0.192,-0.5344,-0.6097,0.0,-0.4572,0.081
U025,42,10,22,0.0,0,0,0,7,0.7867,-0.2678,-1.8143,-0.6097,0.0,-0.4572,-1.1619
U025,43,9,35,43.89,0,0,0,13,0.0238,1.0501,0.2464,-0.6097,0.0,-0.4572,1.4972
U025,44,8,24,28.44,0,0,0,8,-0.6724,-0.0872,-0.4182,-0.5608,0.0,-0.4572,-0.7142
U025,45,8,30,47.16,0,0,0,5,-0.6267,0.5131,0.4068,-0.5608,0.0,-0.4572,-1.9273
U025,46,11,21,6.15,0,0,2,12,1.5569,-0.377,-1.4526,-0.5608,0.0,3.7172,1.06
U025,47,8,11,58.14,0,0,1,13,-0.6897,-1.4003,0.9868,-0.5608,0.0,1.2572,1.4626
U025,48,9,24,22.09,0,0,1,11,0.0472,0.0169,-0.6876,-0.5608,0.0,1.1746,0.5837
U025,49,9,21,22.25,0,0,1,10,0.0472,-0.2985,-0.6566,-0.5608,0.0,1.408,0.1807
U025,50,9,31,46.7,0,0,0,7,0.0472,0.7708,0.4233,-0.5608,0.0,-0.5608,-1.0126
U025,51,9,26,43.79,0,0,0,13,0.0472,0.1849,0.302,-0.512,0.0,-0.5608,1.3331
U025,52,10,39,28.13,0,0,0,9,0.7373,1.8011,-0.4157,-0.463,0.0,-0.5608,-0.2954
U025,53,8,22,43.01,0,0,0,9,-0.6897,-0.2268,0.3061,-0.463,0.0,-0.5608,-0.2954
U025,54,9,33,50.55,1,0,0,10,0.0,1.1081,0.7284,1.5211,0.0,-0.512,0.1159
U025,55,9,12,40.98,1,0,1,11,0.0508,-1.3995,0.2142,1.408,0.0,1.408,0.5173
U025,56,9,19,27.66,1,0,0,12,0.0508,-0.4967,-0.4122,1.3085,0.0,-0.5608,0.9053
U025,57,9,25,77.66,0,0,0,13,0.0508,0.2285,2.0719,-0.6097,0.0,-0.512,1.2347
U025,58,10,21,44.82,1,0,1,7,0.9913,-0.2517,0.4236,1.2195,0.0,1.408,-1.2314
U025,59,8,19,84.08,0,1,0,9,-0.7081,-0.4621,2.4114,-0.6594,1.0,-0.5608,-0.4283
U025,60,7,20,16.59,0,0,1,9,-1.6423,-0.3085,-1.0392,-0.6436,-0.1826,1.3085,-0.4283
U026,1,8,36,28.77,0,0,0,10,0.0,0.0,0.0,0.0,0.0,0.0,0.0
U026,2,10,47,63.48,3,0,0,10,2.0,11.0,34.71,3.0,0.0,0.0,0.0
U026,3,7,39,82.34,1,0,0,8,-1.4142,-0.3214,1.4755,-0.2357,0.0,0.0,-2.0
U026,4,8,39,52.58,0,1,0,9,-0.2182,-0.2931,-0.2067,-0.8729,1.0,0.0,-0.2887
U026,5,11,42,60.75,0,0,0,9,2.1855,0.371,0.177,-0.7071,-0.5,0.0,-0.2611
U026,6,7,37,56.41,2,0,0,9,-1.0954,-0.8655,-0.0604,0.9204,-0.4472,0.0,-0.239
U026,7,7,44,31.67,0,0,0,9,-0.9129,1.0,-1.4779,-0.7906,-0.4082,0.0,-0.2214
U026,8,13,44,36.73,0,0,0,10,2.9399,0.8675,-0.912,-0.7055,-0.378,0.0,1.2421
U026,9,9,30,56.22,1,0,0,13,0.056,-2.8538,0.2535,0.2146,-0.3536,0.0,5.3033
U026,10,10,33,43.82,0,0,0,12,0.5321,-1.318,-0.4832,-0.7117,-0.3333,0.0,1.6499
U026,11,8,30,44.31,2,0,1,11,-0.5,-1.7167,-0.4254,1.2272,-0.3162,1.0,0.7218
U026,12,7,37,77.87,2,0,0,13,-0.9937,-0.2222,1.7365,1.0956,-0.3015,-0.3015,2.0226
U026,13,6,35,51.27,1,0,0,10,-1.4376,-0.5784,-0.0972,0.0769,-0.2887,-0.2887,-0.1508
U026,14,9,43,47.91,2,0,0,10,0.2326,0.9553,-0.3014,1.0377,-0.2773,-0.2773,-0.1452
U026,15,8,35,68.6,2,0,0,8,-0.2992,-0.6219,1.0362,0.9636,-0.2673,-0.2673,-1.449
U026,16,8,44,43.69,1,0,0,8,-0.2888,1.1496,-0.6299,-0.0645,-0.2582,-0.2582,-1.3083
U026,17,8,35,58.86,0,0,1,10,-0.2795,-0.6608,0.3903,-1.0647,-0.25,3.75,0.0388
U026,18,8,37,58.37,1,0,0,9,-0.271,-0.242,0.3446,0.0,-0.2425,-0.3542,-0.6033
U026,19,9,31,78.88,1,0,0,10,0.3291,-1.4444,1.7526,0.0,-0.2357,-0.3436,0.0726
U026,20,7,33,47.0,0,0,0,9,-0.8956,-0.9401,-0.5175,-1.0607,-0.2294,-0.3338,-0.6018
U026,21,10,31,60.88,3,1,0,12,0.9785,-1.2912,0.4296,2.1704,4.2485,-0.3249,1.4717
U026,22,8,32,56.91,1,0,0,8,-0.2919,-1.0177,0.1458,-0.0465,-0.3166,-0.3166,-1.3023
U026,23,7,49,57.67,0,0,0,11,-0.9117,2.3321,0.1959,-1.0466,-0.309,-0.309,0.747
U026,24,9,39,47.4,0,0,0,11,0.3833,0.2632,-0.5453,-1.0,-0.3018,-0.3018,0.7223
U026,25,9,32,37.7,0,0,0,12,0.3744,-1.0151,-1.238,-0.9592,-0.2952,-0.2952,1.3716
U026,26,11,39,75.43,1,0,0,12,1.6735,0.2982,1.5468,0.0803,-0.2889,-0.2889,1.2952
U026,27,6,39,30.1,1,0,0,10,-1.606,0.2922,-1.7404,0.0788,-0.2831,-0.2831,-0.0753
U026,28,8,29,53.81,1,0,0,11,-0.2735,-1.5998,-0.0069,0.0773,-0.2776,-0.2776,0.5917
U026,29,12,34,51.06,0,0,1,9,2.2364,-0.5839,-0.1971,-0.9878,-0.2724,3.5406,-0.7703
U026,30,9,26,47.4,1,0,0,12,0.2633,-2.0582,-0.4515,0.1102,-0.2674,-0.3338,1.2882
U026,31,6,31,68.45,1,0,0,8,-1.5323,-1.0075,1.0611,0.1084,-0.2628,-0.3277,-1.4566
U026,32,8,30,65.96,0,0,0,10,-0.2878,-1.1358,0.8218,-1.0288,-0.2628,-0.3277,-0.065
U026,33,8,43,40.38,1,0,0,8,-0.2526,1.2746,-1.0833,0.1999,-0.2628,-0.3277,-1.3644
U026,34,6,41,56.79,1,0,0,11,-1.454,0.8687,0.2506,0.1999,-0.2628,-0.3277,0.5847
U026,35,8,37,87.35,2,0,0,8,-0.2281,0.1465,2.6399,1.3833,-0.1826,-0.3277,-1.4132
U026,36,8,39,59.06,1,0,0,9,-0.1781,0.5373,0.3144,0.0805,-0.1826,-0.3277,-0.7219
U026,37,6,41,33.72,0,0,0,11,-1.399,0.8798,-1.4883,-1.1208,-0.1826,-0.3277,0.5521
U026,38,9,30,41.52,0,0,0,10,0.4106,-1.0875,-0.9478,-1.1208,-0.1826,-0.3277,-0.128
U026,39,8,24,37.98,1,0,0,8,-0.1138,-2.14,-1.2285,0.1245,-0.1826,-0.3277,-1.408
U026,40,7,38,60.03,1,0,0,9,-0.7785,0.4747,0.4022,0.1245,-0.1826,-0.3277,-0.68
U026,41,10,34,37.77,0,0,0,8,1.3792,-0.2577,-1.2183,-1.1891,-0.1826,-0.3277,-1.3028
U026,42,6,41,49.6,2,0,0,11,-1.4282,0.9634,-0.3548,1.4603,-0.1826,-0.2628,0.7724
U026,43,11,34,54.07,0,0,0,11,1.9464,-0.3048,0.0259,-1.1167,-0.1826,-0.2628,0.8769
U026,44,11,40,59.94,1,0,0,9,1.7889,0.7552,0.4511,0.2106,-0.1826,-0.2628,-0.5618
U026,45,10,37,71.63,1,0,0,9,1.0481,0.2506,1.2822,0.2628,-0.1826,-0.2628,-0.5358
U026,46,8,42,32.65,1,0,0,10,-0.2222,1.1327,-1.5807,0.3205,-0.1826,-0.2628,0.1429
U026,47,8,38,55.51,1,0,0,9,-0.2222,0.4364,0.1106,0.3205,-0.1826,-0.2628,-0.6383
U026,48,9,37,51.46,1,0,0,10,0.3838,0.2357,-0.1682,0.28,-0.1826,-0.1826,0.1219
U026,49,8,40,45.12,1,0,0,8,-0.242,0.7796,-0.6019,0.28,-0.1826,-0.1826,-1.3748
U026,50,8,34,35.97,1,0,0,11,-0.2222,-0.3639,-1.2381,0.28,-0.1826,-0.1826,0.8574
U026,51,11,40,66.13,1,0,0,8,1.5935,0.7238,1.0279,0.2385,-0.1826,-0.1826,-1.326
U026,52,6,54,49.23,0,0,0,10,-1.4527,3.2467,-0.2216,-1.349,0.0,-0.1826,0.1921
U026,53,10,40,42.89,1,0,0,11,0.9432,0.4687,-0.6637,0.4572,0.0,-0.1826,0.8893
U026,54,6,29,45.35,0,0,0,7,-1.4203,-1.323,-0.4475,-1.349,0.0,-0.1826,-2.0751
U026,55,7,44,68.0,0,0,0,10,-0.7633,1.2567,1.1934,-1.349,0.0,-0.1826,0.2344
U026,56,10,49,68.78,0,0,0,10,0.9427,1.9899,1.1712,-1.349,0.0,-0.1826,0.2953
U026,57,7,42,44.59,0,0,0,12,-0.7196,0.7439,-0.5642,-1.2572,0.0,-0.1826,1.928
U026,58,7,39,69.71,1,0,0,8,-0.7536,0.2647,1.3034,0.5034,0.0,-0.1826,-1.1813
U026,59,8,29,51.94,1,0,0,11,-0.1532,-1.351,-0.0994,0.5034,0.0,-0.1826,1.1044
U026,60,9,38,36.95,0,0,0,11,0.5445,0.0868,-1.222,-1.2572,0.0,0.0,1.0373
U027,1,7,30,51.52,1,0,0,6,0.0,0.0,0.0,0.0,0.0,0.0,0.0
U027,2,8,30,89.3,0,0,0,9,1.0,0.0,37.78,-1.0,0.0,0.0,3.0
U027,3,7,30,116.26,1,0,0,9,-0.7071,0.0,1.7163,0.7071,0.0,0.0,0.7071
U027,4,7,39,90.88,0,0,0,9,-0.5773,9.0,0.1595,-1.1547,0.0,0.0,0.5773
U027,5,8,44,52.37,1,1,2,6,1.5,2.6111,-1.2976,0.866,1.0,2.0,-1.5
U027,6,10,45,106.05,1,0,0,11,4.7469,1.5897,0.9343,0.7303,-0.4472,-0.4472,1.9475
U027,7,6,46,112.74,2,0,0,14,-1.5682,1.3371,1.0481,2.582,-0.4082,-0.4082,2.8818
U027,8,8,50,86.49,1,1,0,14,0.3368,1.6286,-0.0727,0.207,2.2678,-0.378,1.7381
U027,9,8,38,72.24,0,0,0,4,0.3157,-0.152,-0.6404,-1.3653,-0.5401,-0.3536,-1.8517
U027,10,9,30,91.07,2,0,0,14,1.1926,-1.1826,0.1941,1.8333,-0.504,-0.3333,1.4048
U027,11,7,35,98.06,1,0,0,10,-0.7047,-0.4095,0.4943,0.1355,-0.4743,-0.3162,0.1103
U027,12,8,37,100.89,1,0,0,9,0.2471,-0.1216,0.5983,0.1297,-0.4495,-0.3015,-0.1848
U027,13,8,38,115.44,1,1,0,7,0.2369,0.0234,1.2581,0.1246,2.1409,-0.2887,-0.7857
U027,14,8,32,77.66,0,0,0,7,0.2279,-0.856,-0.6238,-1.4412,-0.5262,-0.2773,-0.7386
U027,15,8,47,77.32,1,0,1,9,0.2198,1.419,-0.6103,0.2155,-0.5032,1.6036,-0.0677
U027,16,6,36,89.59,0,0,0,10,-1.9126,-0.2972,0.0182,-1.3543,-0.483,-0.3568,0.2621
U027,17,7,43,95.54,2,0,0,6,-0.6777,0.7514,0.3195,1.8127,-0.4651,-0.3447,-1.0997
U027,18,7,34,71.59,3,0,0,6,-0.6495,-0.638,-0.9415,3.0398,-0.4491,-0.3338,-1.0306
U027,19,7,40,89.26,0,0,0,11,-0.6245,0.3069,0.034,-1.1902,-0.4346,-0.3239,0.7112
U027,20,7,34,79.83,0,0,0,11,-0.6023,-0.6465,-0.4761,-1.117,-0.4215,-0.3149,0.6838
U027,21,7,34,60.93,2,0,0,11,-0.5823,-0.6242,-1.5045,1.2907,-0.4094,-0.3065,0.6593
U027,22,8,36,95.98,0,0,0,13,0.5129,-0.2788,0.4867,-1.1015,-0.3984,-0.2988,1.3417
U027,23,8,30,108.23,2,0,1,11,0.4986,-1.2701,1.1428,1.257,-0.3882,1.8471,0.5667
U027,24,10,40,77.7,0,0,0,6,2.7181,0.4429,-0.5721,-1.0895,-0.3788,-0.3542,-1.2087
U027,25,9,44,80.35,1,0,1,6,1.3238,1.1013,-0.4104,0.0946,-0.37,1.7305,-1.1484
U027,26,8,40,96.38,2,0,0,10,0.2741,0.3868,0.4992,1.2527,-0.3618,-0.4,0.2915
U027,27,6,32,101.31,0,0,0,8,-1.7268,-0.9788,0.7686,-1.1041,-0.3541,-0.3913,-0.4215
U027,28,6,41,95.34,2,0,0,4,-1.606,0.5852,0.403,1.2292,-0.3469,-0.3831,-1.8497
U027,29,10,29,95.79,0,1,0,4,2.2448,-1.4932,0.4211,-1.0943,2.8347,-0.3755,-1.7122
U027,30,6,36,129.22,3,0,0,5,-1.4859,-0.2326,2.3958,2.3415,-0.393,-0.3682,-1.2675
U027,31,7,40,61.2,0,0,0,9,-0.5464,0.4572,-1.5982,-1.0561,-0.3856,-0.3614,0.1103
U027,32,7,48,73.84,0,0,1,9,-0.5464,1.8182,-0.9523,-1.0024,-0.3856,1.8071,0.0783
U027,33,9,36,47.53,1,0,0,11,1.2042,-0.3911,-2.3908,0.0346,-0.3856,-0.413,0.7497
U027,34,8,41,118.11,1,0,0,10,0.2815,0.4524,1.6299,0.0346,-0.3856,-0.413,0.388
U027,35,7,43,113.72,1,0,0,10,-0.5938,0.795,1.2903,0.0,-0.3856,-0.413,0.376
U027,36,10,31,96.57,1,0,0,11,1.9704,-1.3422,0.3161,0.0,-0.3277,-0.3856,0.6731
U027,37,8,37,109.58,2,0,0,6,0.2815,-0.1842,1.0378,1.0561,-0.3277,-0.3856,-1.0097
U027,38,8,42,112.89,0,0,0,13,0.2334,0.7891,1.2301,-1.0561,-0.3277,-0.3856,1.4898
U027,39,9,34,118.59,1,0,1,10,1.1085,-0.6989,1.4569,0.0346,-0.2628,2.5067,0.4633
U027,40,7,41,115.71,1,0,0,9,-0.658,0.7335,1.2033,0.0,-0.2628,-0.4397,0.0375
U027,41,8,39,71.84,0,0,0,8,0.261,0.2684,-1.1028,-1.0418,-0.2628,-0.4397,-0.2945
U027,42,6,39,103.43,1,0,0,12,-1.5169,0.242,0.542,0.0706,-0.2628,-0.4397,1.3429
U027,43,8,39,108.0,2,0,1,6,0.2815,0.2281,0.7649,1.1294,-0.2628,2.1985,-1.0827
U027,44,7,36,83.69,3,0,0,7,-0.563,-0.4005,-0.4421,2.1086,-0.1826,-0.4916,-0.6704
U027,45,9,38,93.51,2,0,0,7,1.1499,-0.0141,0.0445,0.9197,-0.1826,-0.4916,-0.6704
U027,46,9,38,68.35,1,0,1,9,1.0992,0.053,-1.277,-0.0972,-0.1826,2.1985,0.128
U027,47,8,31,92.37,2,0,0,8,0.1954,-1.5576,-0.0049,0.8598,-0.1826,-0.4916,-0.2443
U027,48,8,40,100.23,0,0,1,7,0.1686,0.5772,0.3945,-1.1243,-0.1826,1.9664,-0.6671
U027,49,8,43,125.85,0,0,0,7,0.1416,1.2137,1.6598,-1.0716,-0.1826,-0.5424,-0.6884
U027,50,10,37,93.01,1,0,2,11,1.8287,-0.1626,-0.0746,-0.0346,-0.1826,4.1068,0.9601
U027,51,9,34,80.32,3,1,1,7,0.8489,-0.86,-0.7229,2.0471,5.2946,1.3085,-0.6401
U027,52,7,42,73.54,1,0,0,7,-0.8489,0.9348,-1.1357,-0.1005,-0.2628,-0.6097,-0.5929
U027,53,8,33,97.62,1,0,0,9,0.0,-1.1169,0.1383,-0.137,-0.2628,-0.6097,0.3143
U027,54,7,29,74.85,0,0,0,9,-0.8118,-2.0983,-0.9983,-1.1464,-0.2628,-0.5608,0.3508
U027,55,7,36,127.87,1,0,1,6,-0.7597,-0.3804,1.6897,-0.1042,-0.2628,1.3085,-1.024
U027,56,7,44,97.3,1,0,2,10,-0.7081,1.4441,0.0629,-0.1042,-0.2628,3.1777,0.7569
U027,57,7,41,71.04,1,0,0,9,-0.6745,0.7264,-1.2184,-0.0706,-0.2628,-0.5963,0.3117
U027,58,9,47,89.94,1,0,0,7,1.017,1.9935,-0.2425,-0.1084,-0.2628,-0.5963,-0.5929
U027,59,8,30,80.08,0,0,1,11,0.0599,-1.6903,-0.703,-1.1758,-0.2628,1.0299,1.2152
U027,60,8,37,118.66,1,0,0,11,0.128,-0.2456,1.1489,-0.0735,-0.1826,-0.6436,1.1734
U028,1,10,30,3.51,0,0,0,13,0.0,0.0,0.0,0.0,0.0,0.0,0.0
U028,2,8,28,26.94,0,0,0,14,-2.0,-2.0,23.43,0.0,0.0,0.0,1.0
U028,3,9,12,21.34,0,0,0,9,0.0,-12.0208,0.3691,0.0,0.0,0.0,-6.364
U028,4,10,32,7.41,1,0,0,11,1.0,0.8785,-0.8053,1.0,0.0,0.0,-0.378
U028,5,8,6,54.49,0,0,0,8,-1.3056,-2.1319,3.5632,-0.5,0.0,0.0,-1.6912
U028,6,10,41,44.74,1,0,0,5,1.0,1.6467,1.0891,1.7889,0.0,0.0,-2.3534
U028,7,10,35,6.62,0,0,1,8,0.8476,0.7713,-0.9805,-0.6455,0.0,1.0,-0.5976
U028,8,10,18,39.15,0,0,0,10,0.7509,-0.6559,0.7833,-0.5855,0.0,-0.378,0.0908
U028,9,9,26,0.0,0,0,0,8,-0.4093,0.0622,-1.3286,-0.5401,0.0,-0.3536,-0.6002
U028,10,10,18,13.44,1,0,0,12,0.7698,-0.6501,-0.4652,1.7638,0.0,-0.3333,0.8765
U028,11,9,18,13.84,1,0,0,13,-0.4743,-0.6063,-0.4177,1.4491,0.0,-0.3162,1.1676
U028,12,9,41,19.91,1,0,0,6,-0.4495,1.6165,-0.0624,1.2613,0.0,-0.3015,-1.4751
U028,13,10,19,29.24,0,0,0,16,0.8563,-0.5748,0.4788,-0.8092,0.0,-0.2887,2.1582
U028,14,10,29,8.75,1,0,0,18,0.8013,0.3763,-0.767,1.2153,0.0,-0.2773,2.376
U028,15,10,21,3.17,0,0,0,8,0.7559,-0.4026,-1.0643,-0.8345,0.0,-0.2673,-0.7397
U028,16,11,23,19.61,0,0,0,10,2.0631,-0.1906,0.0065,-0.7888,0.0,-0.2582,-0.1622
U028,17,9,24,25.84,0,0,2,7,-0.6911,-0.0828,0.3977,-0.75,0.0,7.75,-0.9959
U028,18,9,8,28.8,2,0,0,7,-0.6619,-1.7641,0.5758,3.3436,0.0,-0.3338,-0.9393
U028,19,9,26,44.23,1,0,0,9,-0.6362,0.216,1.5722,0.9023,0.0,-0.3239,-0.3284
U028,20,9,17,18.31,1,0,0,14,-0.6133,-0.7118,-0.2113,0.8603,0.0,-0.3149,1.1249
U028,21,9,30,0.0,0,0,0,9,-0.5928,0.6648,-1.4007,-0.8238,0.0,-0.3065,-0.3735
U028,22,9,19,46.81,1,0,0,9,-0.5742,-0.517,1.6842,0.8707,0.0,-0.2988,-0.3637
U028,23,10,35,54.82,0,0,0,7,0.8049,1.2148,2.038,-0.8367,0.0,-0.2916,-0.9547
U028,24,10,17,33.41,0,0,0,12,0.7766,-0.7629,0.5953,-0.8064,0.0,-0.285,0.5888
U028,25,10,15,59.72,0,0,0,8,0.7512,-0.953,2.1181,-0.7792,0.0,-0.2788,-0.6489
U028,26,9,17,50.61,0,0,0,5,-0.6721,-0.702,1.4066,-0.7546,0.0,-0.2729,-1.5586
U028,27,10,41,0.0,0,0,0,4,0.7627,1.9295,-1.3983,-0.7322,0.0,-0.2674,-1.7614
U028,28,9,14,21.83,3,0,0,11,-0.6878,-1.0302,-0.1674,4.5294,0.0,-0.2623,0.398
U028,29,9,19,15.67,0,0,0,5,-0.67,-0.4742,-0.4969,-0.6708,0.0,-0.2574,-1.3805
U028,30,8,21,6.94,0,0,0,8,-2.1115,-0.254,-0.9641,-0.6543,0.0,-0.2528,-0.4411
U028,31,10,28,18.95,3,0,1,6,0.8288,0.4992,-0.2753,3.4689,0.0,2.2356,-1.0223
U028,32,10,30,22.88,2,0,0,16,0.8288,0.7235,-0.0899,1.6698,0.0,-0.3071,2.0018
U028,33,8,34,0.0,0,0,0,12,-2.1523,1.141,-1.3638,-0.7117,0.0,-0.3071,0.7725
U028,34,10,34,0.0,0,0,0,5,0.7785,1.069,-1.285,-0.7117,0.0,-0.3071,-1.2467
U028,35,9,45,34.84,0,0,0,9,-0.5953,2.2299,0.6132,-0.6708,0.0,-0.3071,-0.0555
U028,36,9,19,11.36,0,0,0,9,-0.6848,-0.68,-0.6368,-0.6708,0.0,-0.3071,-0.0649
U028,37,11,5,28.8,0,0,0,14,2.3076,-2.1754,0.4103,-0.6313,0.0,-0.3071,1.3206
U028,38,10,37,21.22,1,0,0,12,0.7303,1.3965,-0.0662,0.4827,0.0,-0.2484,0.6764
U028,39,10,33,21.28,0,0,1,7,0.7303,0.8879,-0.0286,-0.6708,0.0,2.2356,-0.7265
U028,40,10,16,56.66,0,0,0,6,0.6839,-0.8667,2.0715,-0.6708,0.0,-0.3071,-0.9878
U028,41,9,22,0.0,2,0,0,3,-0.6839,-0.2516,-1.3636,1.5968,0.0,-0.3071,-1.7425
U028,42,9,12,18.75,0,0,0,10,-0.6839,-1.2795,-0.2615,-0.6436,0.0,-0.3071,0.2465
U028,43,10,31,31.43,1,0,2,8,0.6839,0.7613,0.4452,0.4633,0.0,4.2994,-0.3204
U028,44,9,33,36.12,2,0,0,9,-0.6839,0.9228,0.7006,1.5018,0.0,-0.3631,0.0189
U028,45,9,17,19.53,0,0,0,8,-0.639,-0.7363,-0.2714,-0.6568,0.0,-0.3631,-0.2057
U028,46,9,29,35.37,1,0,0,8,-0.5953,0.5008,0.5947,0.3802,0.0,-0.3631,-0.2057
U028,47,9,38,14.42,0,0,0,15,-0.5483,1.3888,-0.6281,-0.6952,0.0,-0.3631,2.0954
U028,48,9,24,38.93,0,0,0,9,-0.5483,-0.0719,0.7813,-0.6952,0.0,-0.3071,0.051
U028,49,9,21,0.0,0,0,1,8,-0.5483,-0.4398,-1.4223,-0.6436,0.0,1.9961,-0.2767
U028,50,9,27,0.0,0,0,0,9,-0.5483,0.1952,-1.3236,-0.6059,0.0,-0.3614,0.0409
U028,51,10,0,48.86,0,0,0,9,0.9471,-2.645,1.372,-0.5691,0.0,-0.3614,0.0965
U028,52,9,32,38.01,0,0,0,3,-0.5929,0.7118,0.7001,-0.5691,0.0,-0.3614,-1.8334
U028,53,10,4,44.81,1,0,0,17,0.8893,-1.9563,1.098,0.5332,0.0,-0.3614,2.5935
U028,54,10,28,9.56,0,0,0,3,0.8893,0.374,-0.8284,-0.5691,0.0,-0.3614,-1.6154
U028,55,9,17,16.74,0,0,1,14,-0.5929,-0.6492,-0.3792,-0.5691,0.0,1.8071,1.4729
U028,56,8,21,21.18,1,0,0,12,-2.0438,-0.2959,-0.0564,0.498,0.0,-0.413,0.8505
U028,57,9,27,13.31,0,0,0,7,-0.4687,0.237,-0.497,-0.6059,0.0,-0.413,-0.515
U028,58,10,20,26.73,0,0,1,4,0.9968,-0.3735,0.3361,-0.6059,0.0,1.6521,-1.3611
U028,59,9,50,13.7,0,0,1,8,-0.4687,2.4892,-0.5243,-0.5696,0.0,1.5211,-0.2184
U028,60,9,45,5.37,1,0,0,15,-0.4687,1.746,-1.0607,0.651,0.0,-0.512,1.6177
U029,1,9,30,20.73,2,0,1,3,0.0,0.0,0.0,0.0,0.0,0.0,0.0
U029,2,9,26,47.33,1,0,0,0,0.0,-4.0,26.6,-1.0,0.0,-1.0,-3.0
U029,3,7,36,41.06,0,0,0,10,-2.0,2.8284,0.3738,-2.1213,0.0,-0.7071,4.0069
U029,4,9,45,50.56,2,0,0,7,0.5773,2.8477,1.0202,1.0,0.0,-0.5773,0.5197
U029,5,8,25,45.24,1,0,0,8,-0.5,-1.1197,0.3974,-0.2611,0.0,-0.5,0.6823
U029,6,9,19,46.49,2,0,0,6,0.6708,-1.6214,0.4652,0.9562,0.0,-0.4472,0.0991
U029,7,7,42,14.7,1,0,0,7,-1.7928,1.2868,-2.5136,-0.4082,0.0,-0.4082,0.3689
U029,8,6,47,44.02,0,0,0,6,-2.403,1.592,0.4211,-1.7008,0.0,-0.378,0.0428
U029,9,7,45,30.65,0,0,0,9,-0.8367,1.0916,-0.607,-1.3481,0.0,-0.3536,1.011
U029,10,7,35,45.99,3,0,0,5,-0.7619,0.0,0.635,2.3094,0.0,-0.3333,-0.3977
U029,11,8,23,15.17,1,0,0,8,0.1762,-1.2305,-1.9057,-0.1936,0.0,-0.3162,0.65
U029,12,8,16,60.96,3,0,0,10,0.1685,-1.8027,1.785,1.8522,0.0,-0.3015,1.3163
U029,13,6,27,28.0,0,0,0,5,-1.7802,-0.502,-0.7132,-1.2425,0.0,-0.2887,-0.5448
U029,14,6,30,22.39,1,0,0,4,-1.5254,-0.1916,-1.0604,-0.2113,0.0,-0.2773,-0.8738
U029,15,8,27,33.06,1,0,2,9,0.3701,-0.4835,-0.2482,-0.2039,0.0,7.216,0.9745
U029,16,8,19,24.77,0,0,0,7,0.3568,-1.2841,-0.831,-1.1832,0.0,-0.3568,0.1923
U029,17,8,26,46.82,1,0,0,7,0.3447,-0.478,0.8028,-0.122,0.0,-0.3447,0.1863
U029,18,10,9,19.79,1,0,0,5,2.2257,-2.2158,-1.21,-0.1185,0.0,-0.3338,-0.588
U029,19,8,47,49.78,0,0,1,8,0.1906,1.66,1.037,-1.1533,0.0,1.6197,0.6103
U029,20,8,27,21.79,3,0,0,1,0.1856,-0.2881,-1.0396,2.0069,0.0,-0.3933,-2.2082
U029,21,9,0,36.52,1,1,0,8,1.086,-2.7645,0.0761,-0.1442,1.0,-0.3823,0.6407
U029,22,6,53,39.59,1,0,1,9,-1.6755,1.9568,0.3017,-0.1409,-0.2182,1.5818,0.9915
U029,23,9,13,15.28,2,0,0,8,1.0654,-1.2649,-1.5458,0.8722,-0.2132,-0.4301,0.5755
U029,24,9,22,31.05,1,0,0,5,1.0171,-0.5231,-0.2769,-0.1767,-0.2085,-0.4193,-0.5757
U029,25,8,0,36.44,1,0,0,3,0.1083,-2.1805,0.134,-0.1731,-0.2041,-0.4093,-1.3281
U029,26,8,25,14.89,1,0,0,4,0.1062,-0.1814,-1.5214,-0.1696,-0.2,-0.4,-0.8783
U029,27,9,46,26.77,1,0,0,10,1.0073,1.3401,-0.5387,-0.1663,-0.1961,-0.3913,1.4344
U029,28,7,49,49.58,0,0,0,5,-0.8366,1.4866,1.2061,-1.2653,-0.1924,-0.3831,-0.5119
U029,29,6,22,47.69,2,0,1,7,-1.7206,-0.4814,1.012,0.9742,-0.189,1.7272,0.2571
U029,30,9,25,41.97,0,0,0,9,1.032,-0.2589,0.546,-1.2435,-0.1857,-0.4211,1.0232
U029,31,10,30,44.98,1,0,0,7,1.8769,0.1056,0.7642,-0.1084,-0.1826,-0.413,0.2183
U029,32,9,39,31.07,1,0,0,6,0.9285,0.7536,-0.3639,-0.0735,-0.1826,-0.3614,-0.2254
U029,33,7,15,48.91,2,0,0,5,-0.7597,-0.997,1.0703,1.0288,-0.1826,-0.3614,-0.8059
U029,34,8,34,34.43,1,0,1,3,0.0844,0.4046,-0.0822,-0.1482,-0.1826,1.8071,-1.6925
U029,35,8,35,17.67,2,0,0,6,0.1143,0.5123,-1.3653,1.0173,-0.1826,-0.413,-0.2098
U029,36,6,31,29.44,0,0,0,6,-1.6001,0.1989,-0.3569,-1.2599,-0.1826,-0.413,-0.1813
U029,37,8,19,26.9,1,1,0,10,0.1954,-0.6978,-0.5176,-0.0735,5.2946,-0.413,1.6315
U029,38,8,11,38.35,1,0,0,10,0.1686,-1.2334,0.3646,-0.0735,-0.2628,-0.413,1.5213
U029,39,9,20,52.69,2,0,0,7,0.9971,-0.4932,1.5645,1.0173,-0.2628,-0.413,0.1537
U029,40,6,30,28.75,0,0,0,8,-1.6919,0.3178,-0.45,-1.3344,-0.2628,-0.413,0.6114
U029,41,11,31,22.27,3,0,0,6,2.6168,0.4095,-0.9295,2.3358,-0.2628,-0.413,-0.285
U029,42,9,22,10.51,0,0,0,6,0.7616,-0.3014,-1.9397,-1.2599,-0.2628,-0.413,-0.2577
U029,43,6,5,38.06,0,0,0,2,-1.5338,-1.6336,0.4795,-1.2153,-0.2628,-0.413,-1.9943
U029,44,9,37,8.9,1,0,1,10,0.7292,0.8594,-2.0192,-0.0392,-0.2628,1.6521,1.5327
U029,45,9,23,4.67,1,0,1,5,0.6774,-0.1931,-2.2179,-0.0392,-0.2628,1.5211,-0.6483
U029,46,7,24,30.66,1,0,0,5,-0.9053,-0.1099,-0.0509,-0.0392,-0.2628,-0.4916,-0.6002
U029,47,7,39,47.54,1,0,0,5,-0.8678,0.9809,1.196,-0.0805,-0.2628,-0.4916,-0.5696
U029,48,9,34,31.31,0,0,0,8,0.6807,0.5721,-0.019,-1.2887,-0.2628,-0.4916,0.7057
U029,49,6,35,31.48,0,0,0,6,-1.6086,0.5978,-0.0354,-1.2153,-0.2628,-0.4916,-0.1656
U029,50,7,31,22.31,1,0,0,5,-0.7468,0.3423,-0.7062,-0.0392,-0.2628,-0.4397,-0.5562
U029,51,9,28,30.22,2,0,0,9,0.7646,0.102,-0.0889,1.351,-0.2628,-0.4397,1.1552
U029,52,8,23,30.65,0,0,0,6,0.0247,-0.3813,-0.0389,-1.2693,-0.1826,-0.4397,-0.2248
U029,53,7,54,48.71,3,1,1,3,-0.7952,2.4705,1.4137,2.5143,5.2946,2.5067,-1.5632
U029,54,7,43,44.36,1,0,0,6,-0.7439,1.2679,0.977,0.0,-0.2628,-0.4397,-0.1042
U029,55,8,18,38.04,0,0,0,11,0.0772,-0.8808,0.4372,-1.1481,-0.2628,-0.4397,2.1251
U029,56,9,29,28.78,2,0,0,7,0.8488,-0.0242,-0.2851,1.1612,-0.2628,-0.4397,0.2029
U029,57,8,19,24.91,0,0,0,3,0.0508,-0.9446,-0.6411,-1.0992,-0.2628,-0.4397,-1.614
U029,58,7,27,16.22,3,0,0,7,-0.6945,-0.1401,-1.3276,2.1914,-0.2628,-0.4397,0.2663
U029,59,7,30,30.23,0,0,0,8,-0.6945,0.2237,-0.1217,-1.0881,-0.2628,-0.4397,0.6846
U029,60,9,18,0.0,0,0,0,5,0.8482,-1.0105,-2.5731,-1.0177,-0.2628,-0.3856,-0.6651
U030,1,8,23,53.09,0,0,0,6,0.0,0.0,0.0,0.0,0.0,0.0,0.0
U030,2,10,5,47.49,1,0,0,4,2.0,-18.0,-5.6,1.0,0.0,0.0,-2.0
U030,3,8,20,103.13,2,0,0,3,-0.7071,0.4714,13.3441,2.1213,0.0,0.0,-1.4142
U030,4,11,4,107.46,2,0,0,4,2.0207,-1.2443,1.2912,1.0,0.0,0.0,-0.2182
U030,5,9,15,114.87,0,0,0,5,-0.1667,0.202,1.1627,-1.3056,0.0,0.0,0.596
U030,6,9,15,65.43,0,0,0,5,-0.1534,0.1856,-0.614,-1.0,0.0,0.0,0.5262
U030,7,8,29,87.08,0,0,0,5,-0.998,1.9817,0.1727,-0.8476,0.0,0.0,0.4767
U030,8,9,28,139.96,4,0,0,3,0.0,1.329,2.0928,3.4543,0.0,0.0,-1.6102
U030,9,9,24,148.08,0,0,0,4,0.0,0.6984,1.7953,-0.7717,0.0,0.0,-0.3536
U030,10,8,2,31.98,1,0,0,6,-1.0,-1.7619,-1.7844,0.0,0.0,0.0,1.6667
U030,11,10,24,75.43,3,0,0,6,1.1062,0.749,-0.3643,1.5,0.0,0.0,1.3887
U030,12,9,3,109.96,1,1,0,4,0.0,-1.4522,0.5663,-0.1297,1.0,0.0,-0.5681
U030,13,9,0,103.36,3,0,0,3,0.0,-1.5731,0.3562,1.3711,-0.2887,0.0,-1.4611
U030,14,8,12,126.18,2,0,0,4,-1.0954,-0.2588,0.9896,0.5026,-0.2773,0.0,-0.4097
U030,15,9,41,62.79,1,0,0,4,0.0779,2.5638,-0.8843,-0.2673,-0.2673,0.0,-0.3934
U030,16,8,24,125.78,0,0,0,4,-1.0561,0.6362,0.9792,-1.0328,-0.2582,0.0,-0.3789
U030,17,8,7,86.31,2,0,0,3,-0.9886,-0.8316,-0.2186,0.5809,-0.25,0.0,-1.3419
U030,18,9,22,72.44,1,0,0,4,0.1999,0.494,-0.6251,-0.2328,-0.2425,0.0,-0.281
U030,19,8,20,97.07,1,0,0,5,-0.9718,0.3021,0.1457,-0.2263,-0.2357,0.0,0.7096
U030,20,9,15,117.21,0,1,0,4,0.2462,-0.1563,0.7705,-1.0575,4.1295,0.0,-0.3149
U030,21,9,13,112.92,2,0,0,5,0.2399,-0.3373,0.6051,0.6686,-0.3249,0.0,0.7152
U030,22,10,31,103.52,1,0,0,6,1.4633,1.3732,0.2841,-0.2019,-0.3166,0.0,1.7252
U030,23,9,9,93.5,0,0,0,4,0.1636,-0.755,-0.0515,-1.0654,-0.309,0.0,-0.406
U030,24,8,33,31.51,1,0,2,4,-1.0671,1.5207,-2.1332,-0.1507,-0.3018,2.0,-0.396
U030,25,9,28,139.25,1,0,0,5,0.2041,0.9634,1.4717,-0.1476,-0.2952,-0.2041,0.6446
U030,26,9,28,68.83,2,0,0,6,0.2,0.9269,-0.7799,0.7595,-0.2889,-0.2,1.6711
U030,27,7,35,96.35,0,0,0,5,-2.3534,1.5378,0.0958,-1.0877,-0.2831,-0.1961,0.5444
U030,28,9,13,74.98,0,0,0,5,0.2623,-0.5285,-0.5805,-1.0446,-0.2776,-0.1924,0.5316
U030,29,9,34,114.62,0,0,0,5,0.2574,1.3939,0.7003,-1.0064,-0.2724,-0.189,0.5196
U030,30,11,27,78.86,2,0,0,4,2.6962,0.6982,-0.4715,0.8466,-0.2674,-0.1857,-0.5448
U030,31,10,21,76.09,1,0,0,4,1.2599,0.1386,-0.5527,-0.0914,-0.2628,-0.1826,-0.5332
U030,32,8,31,58.87,1,1,0,5,-1.0288,1.0503,-1.1701,-0.1241,3.6788,-0.1826,0.6313
U030,33,9,22,130.94,1,0,0,4,0.1482,0.1591,1.2579,-0.1241,-0.3277,-0.1826,-0.5188
U030,34,9,17,93.76,1,0,0,4,0.113,-0.3058,-0.0432,-0.0942,-0.3277,-0.1826,-0.5807
U030,35,8,39,99.5,2,0,0,4,-1.0529,1.7403,0.164,0.8904,-0.3277,-0.1826,-0.5807
U030,36,9,19,66.21,0,0,1,5,0.2484,-0.2349,-0.9394,-1.088,-0.3277,2.556,0.6199
U030,37,8,28,47.84,2,0,0,3,-0.9936,0.5796,-1.5608,0.832,-0.3277,-0.2484,-1.7047
U030,38,7,24,86.9,2,0,0,5,-2.2356,0.2151,-0.1916,0.7763,-0.3277,-0.2484,0.6708
U030,39,8,9,124.41,1,0,0,3,-0.8445,-1.1614,1.1312,-0.1482,-0.3277,-0.2484,-1.7047
U030,40,10,28,88.73,1,0,0,3,1.4825,0.6323,-0.0537,-0.1906,-0.3277,-0.2484,-1.5968
U030,41,8,26,105.25,1,0,0,4,-0.8541,0.3912,0.5046,-0.1906,-0.3277,-0.2484,-0.377
U030,42,8,27,102.66,1,0,0,4,-0.7983,0.4794,0.3679,-0.1245,-0.3277,-0.2484,-0.3222
U030,43,9,9,71.25,1,0,0,7,0.377,-1.3903,-0.8397,-0.1245,-0.2628,-0.2484,3.3024
U030,44,6,12,57.91,3,0,0,5,-3.0163,-1.1891,-1.3049,2.7376,-0.2628,-0.2484,0.6436
U030,45,10,19,64.62,2,0,0,5,1.3952,-0.437,-0.9637,1.1891,-0.2628,-0.2484,0.6059
U030,46,9,30,103.31,2,0,0,5,0.3548,0.8821,0.5313,1.1208,-0.2628,-0.2484,0.5691
U030,47,9,32,97.06,0,0,0,3,0.3241,1.0758,0.3279,-1.474,-0.2628,-0.2484,-1.5996
U030,48,7,25,134.41,1,0,0,5,-1.6631,0.1932,1.8033,-0.1245,-0.2628,-0.2484,0.5332
U030,49,8,14,96.28,0,0,0,7,-0.594,-1.1196,0.1912,-1.3698,-0.2628,-0.2484,2.6322
U030,50,10,16,87.22,0,0,1,4,1.2818,-0.844,-0.1541,-1.2887,-0.2628,2.2356,-0.5785
U030,51,9,18,120.7,2,0,0,5,0.3049,-0.6178,1.1847,1.1276,-0.1826,-0.3071,0.3856
U030,52,8,12,104.58,1,0,0,5,-0.6097,-1.362,0.5416,-0.0805,-0.1826,-0.3071,0.3856
U030,53,8,15,155.31,0,0,0,3,-0.5608,-0.9166,2.4914,-1.2887,-0.1826,-0.3071,-1.5569
U030,54,9,31,103.98,1,0,0,4,0.404,0.9625,0.3982,-0.0805,-0.1826,-0.3071,-0.512
U030,55,9,14,108.2,0,0,0,4,0.3738,-1.0932,0.5033,-1.2887,-0.1826,-0.2628,-0.512
U030,56,7,36,91.45,2,0,0,4,-1.4954,1.6258,-0.1017,1.1369,-0.1826,-0.2628,-0.4797
U030,57,7,27,47.04,0,0,0,4,-1.3865,0.4917,-1.9464,-1.2153,-0.1826,-0.2628,-0.4306
U030,58,9,28,113.26,0,0,0,4,0.422,0.6597,0.7754,-1.2153,-0.1826,-0.2628,-0.3986
U030,59,6,22,92.56,2,0,0,3,-2.2908,-0.122,-0.0697,1.1369,-0.1826,-0.2628,-1.3675
U030,60,8,16,66.95,1,0,0,7,-0.3628,-0.8324,-1.0368,-0.1184,-0.1826,-0.2628,2.6414
U031,1,7,27,88.84,0,0,0,6,0.0,0.0,0.0,0.0,0.0,0.0,0.0
U031,2,7,21,83.76,0,0,0,9,0.0,-6.0,-5.08,0.0,0.0,0.0,3.0
U031,3,7,18,58.98,0,0,0,11,0.0,-1.4142,-7.6056,0.0,0.0,0.0,1.6499
U031,4,7,29,100.32,1,0,0,8,0.0,1.5275,1.4476,1.0,0.0,0.0,-0.2649
U031,5,9,26,57.23,1,0,0,6,2.0,0.4392,-1.4769,1.5,0.0,0.0,-1.201
U031,6,6,9,93.03,1,0,0,10,-1.5652,-3.3409,0.8008,1.0954,0.0,0.0,0.9428
U031,7,8,25,46.79,2,0,0,3,0.8476,0.4492,-1.8567,2.7386,0.0,0.0,-2.582
U031,8,8,19,74.3,0,0,0,13,0.7509,-0.4561,-0.0607,-0.9449,0.0,0.0,1.9667
U031,9,8,26,70.5,0,0,1,8,0.6822,0.6563,-0.2545,-0.84,0.0,1.0,-0.0782
U031,10,7,29,87.74,0,0,0,9,-0.504,1.0896,0.7112,-0.7647,0.0,-0.3333,0.2601
U031,11,7,15,125.35,1,0,0,7,-0.4743,-1.2652,2.8032,0.7071,0.0,-0.3162,-0.4593
U031,12,7,24,126.58,0,0,1,12,-0.4495,0.2848,2.0608,-0.7933,0.0,3.0151,1.4071
U031,13,8,9,74.32,1,1,0,11,0.8563,-2.1822,-0.4043,0.7416,1.0,-0.4282,0.8889
U031,14,8,29,72.89,1,0,0,8,0.8013,1.1115,-0.4463,0.6991,-0.2773,-0.4097,-0.249
U031,15,7,23,86.73,1,0,0,5,-0.5669,0.1642,0.1637,0.6632,-0.2673,-0.3934,-1.3604
U031,16,6,22,74.98,0,0,0,7,-1.9001,0.0099,-0.3625,-0.9487,-0.2582,-0.3789,-0.5098
U031,17,7,22,117.5,0,0,0,15,-0.394,0.0096,1.5921,-0.8941,-0.25,-0.366,2.4988
U031,18,7,33,63.58,0,0,0,13,-0.3811,1.7611,-0.9254,-0.8481,-0.2425,-0.3542,1.4047
U031,19,9,21,42.97,1,0,1,8,2.2905,-0.2348,-1.7872,0.8086,-0.2357,2.7487,-0.3014
U031,20,6,23,106.77,0,0,0,7,-1.6473,0.0816,1.0605,-0.8603,-0.2294,-0.4215,-0.6206
U031,21,8,24,71.48,1,0,0,14,0.8097,0.2389,-0.4662,0.8238,-0.2236,-0.4094,1.7323
U031,22,9,21,53.84,1,0,0,5,1.9462,-0.2564,-1.2038,0.7916,-0.2182,-0.3984,-1.2898
U031,23,7,20,94.7,0,0,0,5,-0.4505,-0.4174,0.5846,-0.9155,-0.2132,-0.3882,-1.2143
U031,24,9,35,34.74,0,0,0,10,1.8048,2.146,-2.0006,-0.8797,-0.2085,-0.3788,0.4062
U031,25,8,24,73.04,3,0,0,9,0.5815,0.1721,-0.261,4.2389,-0.2041,-0.37,0.0793
U031,26,7,11,56.78,0,0,0,14,-0.5227,-1.9391,-0.9259,-0.7856,-0.2,-0.3618,1.698
U031,27,6,21,69.68,0,0,1,10,-1.6155,-0.2314,-0.3597,-0.7616,-0.1961,2.7151,0.3252
U031,28,7,14,96.61,0,0,0,5,-0.4378,-1.3271,0.7811,-0.7397,-0.1924,-0.4092,-1.2748
U031,29,8,20,73.22,0,1,0,10,0.6625,-0.3325,-0.2331,-0.7196,5.1025,-0.4009,0.3605
U031,30,7,34,115.76,2,0,0,12,-0.4562,1.8815,1.6066,2.0097,-0.2674,-0.393,0.9945
U031,31,8,34,75.24,0,0,0,8,0.6708,1.7473,-0.1905,-0.7323,-0.2628,-0.3856,-0.3207
U031,32,8,20,69.03,0,0,0,5,0.6313,-0.3922,-0.4336,-0.7323,-0.2628,-0.3856,-1.3233
U031,33,7,30,102.1,0,0,0,10,-0.5188,1.0636,0.9791,-0.7323,-0.2628,-0.3856,0.3374
U031,34,9,28,65.89,0,0,0,10,1.7045,0.7085,-0.6029,-0.7323,-0.2628,-0.3856,0.3498
U031,35,7,15,77.64,0,0,0,12,-0.5691,-1.1583,-0.0622,-0.6872,-0.2628,-0.3856,0.9643
U031,36,8,24,93.91,0,0,2,5,0.5929,0.1888,0.6058,-0.6436,-0.2628,5.3989,-1.3264
U031,37,7,22,95.84,0,0,0,15,-0.6199,-0.1774,0.6868,-0.6013,-0.2628,-0.413,1.8593
U031,38,6,23,98.1,0,0,0,7,-1.7421,-0.0101,0.7353,-0.5525,-0.2628,-0.413,-0.7497
U031,39,8,23,81.69,1,0,0,8,0.6313,-0.0307,-0.0246,0.8288,-0.2628,-0.413,-0.3803
U031,40,9,15,75.55,0,0,0,8,1.7453,-1.2454,-0.3118,-0.5953,-0.2628,-0.3614,-0.3803
U031,41,7,21,62.7,1,0,1,7,-0.5332,-0.2487,-0.8598,0.7785,-0.2628,1.8071,-0.685
U031,42,7,32,96.49,1,0,2,5,-0.5332,1.4285,0.7631,0.7785,-0.2628,3.7172,-1.3172
U031,43,7,22,69.9,0,1,0,11,-0.5332,-0.1659,-0.4651,-0.639,3.6788,-0.4106,0.6448
U031,44,7,22,49.53,0,0,0,8,-0.498,-0.2523,-1.4805,-0.5953,-0.2628,-0.4106,-0.2912
U031,45,8,10,69.17,0,0,0,8,0.6059,-2.2185,-0.4387,-0.5525,-0.2628,-0.4106,-0.2912
U031,46,9,22,45.34,0,0,0,6,1.6362,-0.134,-1.5681,-0.5104,-0.2628,-0.4106,-0.9711
U031,47,10,13,84.19,1,0,0,7,2.6018,-1.5253,0.3533,0.8816,-0.2628,-0.4106,-0.6346
U031,48,6,34,57.69,0,0,1,17,-1.6207,1.7028,-0.8898,-0.5525,-0.2628,1.349,2.794
U031,49,8,29,104.53,0,0,0,10,0.3439,0.9453,1.4473,-0.5525,-0.2628,-0.4572,0.3503
U031,50,8,15,92.97,0,0,0,15,0.3856,-1.1464,0.7835,-0.5104,-0.2628,-0.4106,1.8742
U031,51,18,171,413.65,3,1,0,26,10.3932,21.1687,17.396,3.6656,3.6788,-0.4106,4.9444
U031,52,0,130,379.32,4,1,1,45,-3.7497,3.6616,4.5177,4.1552,2.9496,1.349,7.8536
U031,53,21,137,476.74,4,1,1,60,5.1649,3.1482,4.5433,3.227,2.5067,1.2572,6.2844
U031,54,21,170,460.68,4,0,4,34,3.6315,3.488,3.2308,2.6859,-0.4397,6.2084,1.7991
U031,55,18,127,369.1,3,1,1,46,2.2248,1.9067,1.9559,1.6004,2.1985,0.6313,2.6143
U031,56,23,133,479.18,5,1,4,49,3.0827,1.8581,2.6114,3.0553,1.9664,3.9279,2.495
U031,57,22,95,348.57,2,1,3,32,2.4026,0.9453,1.3728,0.6606,1.7822,2.1784,1.0647
U031,58,21,132,373.19,1,1,2,28,1.9473,1.6104,1.443,-0.0213,1.6304,1.1259,0.7389
U031,59,20,86,414.24,1,1,0,38,1.5995,0.6155,1.609,-0.043,1.5018,-0.6103,1.3453
U031,60,22,161,378.07,4,1,0,56,1.7983,1.9938,1.2544,1.8842,1.5018,-0.6103,2.4038
U032,1,9,7,104.36,0,0,1,1,0.0,0.0,0.0,0.0,0.0,0.0,0.0
U032,2,8,18,50.24,2,0,0,5,-1.0,11.0,-54.1199,2.0,0.0,-1.0,4.0
U032,3,8,23,72.16,4,0,0,5,-0.7071,1.3499,-0.1343,2.1213,0.0,-0.7071,0.7071
U032,4,9,17,81.39,2,0,2,5,1.1547,0.1222,0.2132,0.0,0.0,2.8867,0.5774
U032,5,8,25,51.26,3,0,0,6,-0.866,1.3056,-1.15,0.6124,0.0,-0.7833,1.0
U032,6,6,15,54.38,1,0,0,4,-4.3818,-0.4286,-0.7752,-0.809,0.0,-0.6708,-0.2052
U032,7,8,31,72.4,0,0,0,1,0.0,2.1161,0.1604,-1.4142,0.0,-0.5976,-1.9035
U032,8,8,25,85.2,1,0,1,2,0.0,0.7196,0.8034,-0.4775,0.0,0.7263,-0.9124
U032,9,9,39,42.98,0,0,0,5,1.0801,2.5389,-1.4988,-1.1542,0.0,-0.6614,0.689
U032,10,11,13,65.38,1,0,0,4,3.1132,-0.9834,-0.1433,-0.3121,0.0,-0.6118,0.1156
U032,11,8,38,48.76,2,0,0,4,-0.3162,1.7938,-1.0115,0.4445,0.0,-0.5721,0.1103
U032,12,7,34,92.72,2,0,0,3,-1.1307,1.0998,1.3995,0.4217,0.0,-0.5394,-0.4753
U032,13,8,17,47.62,1,0,0,4,-0.2057,-0.6607,-1.0619,-0.4022,0.0,-0.5118,0.1508
U032,14,8,35,77.31,4,0,0,2,-0.198,1.1817,0.5335,2.1184,0.0,-0.4881,-1.1133
U032,15,9,18,61.29,1,0,1,5,0.7005,-0.6028,-0.33,-0.4811,0.0,1.1686,0.8491
U032,16,7,39,46.88,1,0,0,6,-1.1517,1.5595,-1.0994,-0.4621,0.0,-0.5401,1.4349
U032,17,8,18,49.88,1,0,0,1,-0.1691,-0.6468,-0.8642,-0.4453,0.0,-0.519,-1.7661
U032,18,8,17,23.02,2,0,0,4,-0.1642,-0.7201,-2.2841,0.3824,0.0,-0.5003,0.1706
U032,19,8,25,74.52,0,0,0,4,-0.1598,0.1179,0.584,-1.2972,0.0,-0.4835,0.166
U032,20,9,28,68.13,1,0,0,4,0.8301,0.4267,0.2442,-0.3887,0.0,-0.4683,0.1617
U032,21,10,30,74.19,1,1,0,0,1.7906,0.6271,0.5491,-0.3778,1.0,-0.4544,-2.3655
U032,22,9,28,39.39,2,0,0,5,0.6767,0.3908,-1.2866,0.4905,-0.2182,-0.4418,0.817
U032,23,8,32,68.44,1,0,0,3,-0.3055,0.8219,0.2865,-0.3975,-0.2132,-0.4301,-0.3671
U032,24,9,17,60.86,1,0,0,6,0.6823,-0.8747,-0.1194,-0.3878,-0.2085,-0.4193,1.4078
U032,25,8,11,79.82,0,0,0,4,-0.3309,-1.514,0.904,-1.2878,-0.2041,-0.4093,0.1684
U032,26,10,23,49.81,0,0,0,6,1.6999,-0.1091,-0.7515,-1.2213,-0.2,-0.4,1.3443
U032,27,7,26,60.57,1,0,0,0,-1.3537,0.2269,-0.1419,-0.2739,-0.1961,-0.3913,-2.2126
U032,28,9,28,63.81,1,0,1,6,0.6424,0.4495,0.041,-0.2686,-0.1924,1.6858,1.2683
U032,29,9,9,64.27,1,0,0,5,0.6265,-1.7479,0.0664,-0.2636,-0.189,-0.4297,0.6726
U032,30,6,35,70.67,2,0,0,4,-2.3449,1.2632,0.4349,0.6796,-0.1857,-0.4211,0.1125
U032,31,7,15,72.13,1,0,0,6,-1.1953,-0.9965,0.512,-0.2843,-0.1826,-0.413,1.2168
U032,32,11,11,86.02,2,0,0,2,2.5053,-1.5367,1.5463,0.6483,-0.1826,-0.3614,-1.1104
U032,33,10,32,86.18,1,0,0,5,1.3741,0.8893,1.44,-0.3241,-0.1826,-0.3614,0.6313
U032,34,9,14,73.48,2,0,1,4,0.4806,-1.1475,0.5863,0.8541,-0.1826,1.8071,0.0743
U032,35,10,30,82.08,0,0,0,2,1.2816,0.6276,1.1494,-1.374,-0.1826,-0.3856,-1.0284
U032,36,7,29,68.59,0,0,0,2,-1.1464,0.4967,0.2385,-1.3173,-0.1826,-0.3856,-0.9634
U032,37,10,5,55.49,2,0,0,1,1.2247,-2.1982,-0.6064,1.0173,-0.1826,-0.3856,-1.4708
U032,38,7,6,33.33,2,1,0,5,-1.2526,-1.8645,-1.9488,0.9532,5.2946,-0.3856,0.7633
U032,39,11,11,69.33,3,0,0,4,1.928,-1.2141,0.3869,2.03,-0.2628,-0.3277,0.1498
U032,40,8,12,58.69,1,0,0,3,-0.443,-1.045,-0.316,-0.3277,-0.2628,-0.3277,-0.3967
U032,41,9,19,86.9,1,0,0,2,0.3907,-0.3416,1.4406,-0.3277,-0.2628,-0.3277,-0.9426
U032,42,10,6,49.76,0,0,0,3,1.1464,-1.6415,-0.9154,-1.3963,-0.2628,-0.3277,-0.3347
U032,43,8,44,71.34,1,0,0,5,-0.4977,2.3706,0.5006,-0.2163,-0.2628,-0.3277,0.7809
U032,44,9,27,104.59,1,0,0,6,0.2881,0.4938,2.588,-0.2163,-0.2628,-0.3277,1.3078
U032,45,10,35,54.37,1,0,0,3,1.0511,1.3041,-0.6278,-0.1318,-0.2628,-0.3277,-0.4184
U032,46,11,8,95.06,1,0,0,3,1.7822,-1.3251,1.7528,-0.1318,-0.2628,-0.2628,-0.3841
U032,47,7,22,62.99,0,0,1,2,-1.3939,0.0928,-0.1976,-1.4495,-0.2628,3.6788,-0.9022
U032,48,9,43,76.79,0,0,0,5,0.1482,2.0988,0.5651,-1.359,-0.2628,-0.3277,0.7892
U032,49,10,23,70.0,1,0,0,5,0.8699,0.0871,0.0829,0.0,-0.2628,-0.3277,0.7625
U032,50,7,17,73.78,0,0,0,4,-1.4094,-0.4478,0.3384,-1.351,-0.2628,-0.3277,0.17
U032,51,11,23,102.08,2,0,1,4,1.5569,0.1265,2.1602,1.2693,-0.2628,2.9496,0.17
U032,52,7,8,78.25,1,0,0,5,-1.3036,-1.22,0.517,-0.0412,-0.1826,-0.3856,0.7199
U032,53,9,12,89.49,1,0,0,5,0.1359,-0.7806,1.1861,0.0,-0.1826,-0.3856,0.7199
U032,54,11,33,33.93,1,0,0,4,1.4798,1.1741,-2.3663,0.0,-0.1826,-0.3856,0.0615
U032,55,6,30,60.13,0,0,0,2,-1.9122,0.8366,-0.6165,-1.2693,-0.1826,-0.3856,-1.1622
U032,56,8,34,68.5,1,0,0,5,-0.5211,1.1374,-0.0942,0.0,-0.1826,-0.3856,0.765
U032,57,6,27,74.32,1,0,0,2,-1.7394,0.4728,0.2113,-0.0436,-0.1826,-0.3856,-1.1011
U032,58,10,23,65.54,2,0,0,3,0.773,0.1217,-0.338,1.2638,-0.1826,-0.3856,-0.5525
U032,59,9,34,76.35,3,0,0,4,0.141,1.0979,0.3032,2.4631,-0.1826,-0.3277,0.2153
U032,60,8,20,115.28,0,0,0,4,-0.4634,-0.1985,2.6069,-1.3173,-0.1826,-0.3277,0.2428
U033,1,8,31,30.93,0,0,0,9,0.0,0.0,0.0,0.0,0.0,0.0,0.0
U033,2,9,32,37.98,0,0,0,0,1.0,1.0,7.05,0.0,0.0,0.0,-9.0
U033,3,7,45,11.14,0,0,1,10,-2.1213,19.0919,-4.6769,0.0,0.0,1.0,0.8642
U033,4,7,20,34.07,0,0,0,0,-1.0,-2.0486,0.5308,0.0,0.0,-0.5773,-1.1499
U033,5,10,21,32.59,1,0,0,4,2.35,-1.0752,0.3398,1.0,0.0,-0.5,-0.1364
U033,6,8,30,29.84,1,1,2,2,-0.1534,0.0197,0.0474,1.7889,1.0,4.0249,-0.5445
U033,7,11,26,26.43,1,0,1,0,2.4236,-0.4229,-0.3187,1.291,-0.4082,0.5976,-0.9468
U033,8,8,18,7.94,0,0,0,4,-0.378,-1.3434,-2.4335,-0.8018,-0.378,-0.7263,0.0993
U033,9,10,33,29.02,0,1,0,11,1.0607,0.5863,0.2428,-0.7246,2.4749,-0.6614,1.8448
U033,10,10,31,27.29,0,0,0,9,0.9428,0.3059,0.0614,-0.6667,-0.504,-0.6118,1.0179
U033,11,10,28,28.64,1,0,1,1,0.8581,-0.0884,0.198,1.4491,-0.4743,0.8581,-0.8747
U033,12,9,39,26.02,1,0,0,1,0.0661,1.3793,-0.0953,1.2613,-0.4495,-0.6611,-0.8076
U033,13,9,36,19.66,1,0,0,6,0.0635,0.8372,-0.816,1.1328,-0.4282,-0.6232,0.4061
U033,14,8,33,10.51,1,0,1,6,-0.7351,0.3922,-1.825,1.0377,-0.4097,0.9461,0.3889
U033,15,11,35,4.69,1,0,0,9,1.7401,0.6474,-2.1981,0.9636,-0.3934,-0.6632,1.121
U033,16,7,13,19.34,0,0,0,5,-1.5275,-2.4252,-0.4269,-1.0328,-0.3789,-0.6325,0.0495
U033,17,11,13,21.74,2,0,0,6,1.5623,-1.9934,-0.1745,2.9047,-0.366,-0.6057,0.3043
U033,18,9,36,36.44,1,0,1,8,0.0,0.8437,1.3298,0.6659,-0.3542,1.0672,0.8227
U033,19,9,23,33.65,0,0,0,7,0.0,-0.6663,0.9528,-1.0056,-0.3436,-0.64,0.5186
U033,20,8,26,41.29,0,0,0,6,-0.75,-0.2966,1.6735,-0.9538,-0.3338,-0.6168,0.2294
U033,21,9,18,28.93,0,0,0,3,0.038,-1.232,0.3342,-0.9094,-0.3249,-0.5961,-0.6149
U033,22,8,28,39.65,1,0,0,7,-0.742,0.0056,1.3819,0.7916,-0.3166,-0.5773,0.5411
U033,23,8,28,30.31,1,0,0,7,-0.7164,0.0054,0.3912,0.7629,-0.309,-0.5603,0.5256
U033,24,10,37,15.98,1,1,0,1,0.9013,1.106,-1.0312,0.7372,3.1691,-0.5446,-1.2529
U033,25,9,28,22.71,0,0,0,0,0.0668,-0.0406,-0.3246,-0.9996,-0.37,-0.5303,-1.4786
U033,26,11,15,21.13,0,0,0,9,1.7021,-1.6578,-0.4763,-0.9604,-0.3618,-0.517,1.1719
U033,27,9,38,19.28,0,0,0,7,0.0,1.2288,-0.6541,-0.9255,-0.3541,-0.5047,0.5544
U033,28,11,28,33.19,0,0,1,11,1.6125,-0.0221,0.7989,-0.8943,-0.3469,1.4091,1.6874
U033,29,8,21,32.39,0,0,0,14,-0.8407,-0.8743,0.6927,-0.866,-0.3402,-0.5345,2.4101
U033,30,8,29,33.27,1,0,0,5,-0.8163,0.1308,0.7677,0.9003,-0.3338,-0.5229,-0.1597
U033,31,6,21,21.43,1,1,1,5,-2.382,-0.8673,-0.5047,0.8736,2.9496,1.408,-0.1571
U033,32,9,22,6.77,2,0,0,4,0.0489,-0.6947,-2.023,2.567,-0.3856,-0.5608,-0.3894
U033,33,9,21,21.65,1,0,0,12,0.0489,-0.775,-0.3265,0.6436,-0.3856,-0.5608,1.7606
U033,34,7,36,25.45,0,0,1,1,-1.5232,1.2697,0.027,-1.0299,-0.3856,1.408,-1.2493
U033,35,8,7,25.3,1,0,0,5,-0.7616,-2.6455,0.0421,0.5963,-0.3856,-0.5608,-0.1898
U033,36,9,26,29.69,2,0,0,4,0.0508,-0.0679,0.5464,2.2224,-0.3856,-0.5608,-0.4715
U033,37,8,23,41.7,1,0,1,8,-0.7439,-0.4125,1.8535,0.5044,-0.3277,1.7822,0.6071
U033,38,7,29,25.37,0,0,0,12,-1.4908,0.3195,0.0207,-1.0087,-0.3277,-0.5424,1.7082
U033,39,7,34,39.13,0,0,1,8,-1.4225,0.8893,1.4636,-1.0087,-0.3277,1.7822,0.4612
U033,40,10,24,53.84,0,0,0,1,0.966,-0.3318,2.9375,-1.0087,-0.2628,-0.5929,-1.4866
U033,41,12,32,19.48,1,0,1,7,2.4911,0.6698,-0.6987,0.5044,-0.2628,1.6304,0.2866
U033,42,6,18,28.99,1,0,0,7,-1.9664,-1.044,0.2151,0.5044,-0.2628,-0.5929,0.2391
U033,43,8,22,30.14,1,0,0,4,-0.463,-0.4872,0.3122,0.5044,-0.2628,-0.5929,-0.707
U033,44,8,27,20.41,1,0,0,10,-0.4397,0.1948,-0.6241,0.5044,-0.2628,-0.5929,1.0963
U033,45,9,9,6.76,1,0,1,4,0.2198,-2.0989,-1.9966,0.5044,-0.2628,1.7822,-0.7072
U033,46,9,51,11.7,1,0,0,6,0.2753,3.2957,-1.549,0.5044,-0.2628,-0.5929,-0.0777
U033,47,10,29,15.53,0,0,0,6,0.9374,0.365,-1.1159,-1.0748,-0.2628,-0.5929,-0.0876
U033,48,9,23,26.62,1,0,0,3,0.2663,-0.3624,-0.0404,0.5963,-0.2628,-0.5929,-0.9633
U033,49,10,17,30.0,0,0,0,10,0.9927,-1.0136,0.3109,-1.0299,-0.2628,-0.5424,1.1171
U033,50,8,36,49.37,0,0,0,9,-0.4769,1.1878,2.1739,-1.0299,-0.2628,-0.5424,0.7838
U033,51,8,18,30.93,0,0,0,7,-0.4769,-0.879,0.3704,-1.0299,-0.2628,-0.5424,0.187
U033,52,9,35,34.16,0,0,1,8,0.2616,1.0125,0.6579,-1.0299,-0.2628,1.7822,0.4367
U033,53,9,28,35.29,1,0,0,4,0.2385,0.2044,0.7902,0.6436,-0.2628,-0.5929,-0.7101
U033,54,8,27,30.2,0,0,0,7,-0.5024,0.0949,0.3009,-0.9655,-0.2628,-0.5929,0.1691
U033,55,10,36,29.7,1,0,0,7,0.9927,1.1456,0.2151,0.6922,-0.1826,-0.5929,0.1177
U033,56,10,26,15.55,0,0,0,12,0.9538,-0.0073,-1.1309,-0.9655,-0.1826,-0.5929,1.6334
U033,57,7,21,13.92,1,0,0,6,-1.2086,-0.6142,-1.2469,0.6436,-0.1826,-0.5929,-0.2846
U033,58,8,19,40.63,1,0,0,5,-0.4101,-0.7965,1.2121,0.5963,-0.1826,-0.5929,-0.5786
U033,59,9,33,37.23,1,0,1,8,0.4084,0.8543,0.8641,0.5496,-0.1826,1.7822,0.4053
U033,60,10,31,39.81,0,0,0,9,1.1481,0.5746,1.069,-1.1746,-0.1826,-0.5929,0.8592
U034,1,6,35,17.45,2,0,0,11,0.0,0.0,0.0,0.0,0.0,0.0,0.0
U034,2,10,20,67.55,2,0,1,12,4.0,-15.0,50.0999,0.0,0.0,1.0,1.0
U034,3,9,21,19.7,1,0,0,12,0.3536,-0.6128,-0.6436,-1.0,0.0,-0.7071,0.7071
U034,4,10,33,0.0,0,0,0,10,0.8006,0.9142,-1.2333,-2.8867,0.0,-0.5773,-2.8867
U034,5,9,28,10.34,1,0,0,12,0.1321,0.0956,-0.5469,-0.2611,0.0,-0.5,0.7833
U034,6,10,26,38.02,1,0,0,10,0.7303,-0.2057,0.5761,-0.239,0.0,-0.4472,-1.5652
U034,7,9,30,83.66,1,0,0,13,0.0,0.4635,2.4131,-0.2214,0.0,-0.4082,1.8647
U034,8,9,35,15.78,1,0,0,10,0.0,1.3074,-0.58,-0.207,0.0,-0.378,-1.2599
U034,9,10,39,28.17,1,0,0,10,0.7638,1.7858,-0.115,-0.195,0.0,-0.3536,-1.073
U034,10,11,34,10.66,1,0,0,10,1.4881,0.6647,-0.7435,-0.1849,0.0,-0.3333,-0.9524
U034,11,10,37,4.18,1,0,1,11,0.5234,1.0957,-0.9302,-0.1762,0.0,2.846,0.0
U034,12,7,35,36.05,1,1,0,8,-1.8376,0.6754,0.3461,-0.1685,1.0,-0.4495,-2.7386
U034,13,10,24,0.0,1,0,0,9,0.5938,-1.1506,-1.0861,-0.1618,-0.2887,-0.4282,-1.2898
U034,14,10,37,74.05,1,0,0,9,0.5642,1.04,1.9012,-0.1559,-0.2773,-0.4097,-1.1649
U034,15,10,20,14.58,1,0,0,8,0.5387,-1.7702,-0.5186,-0.1505,-0.2673,-0.3934,-1.785
U034,16,8,27,47.27,2,0,0,7,-1.0328,-0.4929,0.7132,2.039,-0.2582,-0.3789,-2.2281
U034,17,8,23,70.47,1,0,0,10,-0.9682,-1.0942,1.5553,-0.25,-0.25,-0.366,-0.0749
U034,18,10,26,0.0,2,0,0,12,0.6403,-0.5628,-1.148,1.819,-0.2425,-0.3542,1.1651
U034,19,12,40,39.81,1,0,0,10,2.1996,1.6636,0.3575,-0.3239,-0.2357,-0.3436,-0.1364
U034,20,9,33,52.45,1,0,0,8,-0.2664,0.4528,0.8142,-0.3149,-0.2294,-0.3338,-1.3956
U034,21,12,33,103.11,2,0,0,10,1.9652,0.4396,2.6708,1.737,-0.2236,-0.3249,-0.0618
U034,22,10,29,41.34,0,0,0,12,0.3648,-0.2025,0.2109,-2.3262,-0.2182,-0.3166,1.207
U034,23,10,42,60.1,2,0,0,11,0.3557,1.8981,0.8368,1.5416,-0.2132,-0.309,0.5137
U034,24,9,45,61.72,0,0,0,12,-0.3788,2.1812,0.8614,-2.0373,-0.2085,-0.3018,1.1387
U034,25,8,35,16.3,0,0,0,8,-1.11,0.5219,-0.7177,-1.8371,-0.2041,-0.2952,-1.4563
U034,26,11,45,35.83,0,0,1,10,1.15,1.9546,-0.0234,-1.6867,-0.2,3.3226,-0.1244
U034,27,9,28,3.65,2,0,0,11,-0.3666,-0.5496,-1.1547,1.4521,-0.1961,-0.3541,0.5127
U034,28,11,38,35.3,1,0,0,8,1.1326,0.8566,0.0011,-0.1097,-0.1924,-0.3469,-1.4314
U034,29,11,31,56.32,2,0,0,9,1.0873,-0.1501,0.7503,1.4012,-0.189,-0.3402,-0.7232
U034,30,10,32,76.7,0,0,0,9,0.3065,-0.0049,1.4628,-1.6391,-0.1857,-0.3338,-0.7045
U034,31,10,37,1.85,1,0,0,11,0.301,0.7208,-1.2529,-0.0964,-0.1826,-0.3277,0.6013
U034,32,9,24,22.03,0,0,0,9,-0.6418,-1.1688,-0.513,-1.5453,-0.1826,-0.3277,-0.6872
U034,33,10,16,53.8,0,0,1,10,0.261,-2.414,0.6515,-1.4456,-0.1826,3.6788,0.0219
U034,34,10,31,0.0,1,0,1,10,0.2334,-0.151,-1.2831,0.0964,-0.1826,2.9496,0.068
U034,35,10,34,23.71,0,0,0,9,0.2334,0.283,-0.4485,-1.4456,-0.1826,-0.3856,-0.6121
U034,36,9,20,9.77,1,0,1,10,-0.6754,-1.7345,-0.9658,0.0964,-0.1826,2.5067,0.1405
U034,37,9,28,23.82,1,0,0,9,-0.6418,-0.5482,-0.4255,0.0964,-0.1826,-0.4397,-0.5618
U034,38,8,45,69.62,1,0,0,9,-1.5169,1.7839,1.3146,0.0964,-0.1826,-0.4397,-0.5146
U034,39,10,30,12.58,1,0,0,11,0.2545,-0.2948,-0.8379,0.0964,-0.1826,-0.4397,1.0517
U034,40,9,20,67.7,2,0,0,10,-0.5938,-1.5765,1.1615,1.5426,-0.1826,-0.4397,0.2522
U034,41,10,20,102.28,1,0,0,10,0.3163,-1.4583,2.3133,0.0464,-0.1826,-0.4397,0.2522
U034,42,10,31,40.2,1,0,0,9,0.3163,0.0082,-0.0069,0.0464,-0.1826,-0.3856,-0.4874
U034,43,10,30,27.26,0,0,0,9,0.2544,-0.0994,-0.4453,-1.3456,0.0,-0.3856,-0.5255
U034,44,10,33,109.25,1,0,0,9,0.2544,0.2516,2.341,0.0901,0.0,-0.3856,-0.5255
U034,45,10,23,48.86,2,0,0,10,0.2544,-0.9987,0.2013,1.4421,0.0,-0.3856,0.2628
U034,46,9,16,43.41,2,0,1,8,-0.6996,-1.9305,-0.0118,1.351,0.0,2.5067,-1.4093
U034,47,11,37,67.05,1,0,0,10,1.2256,0.781,0.767,0.0436,0.0,-0.4397,0.2003
U034,48,11,27,30.99,1,0,0,10,1.1645,-0.4993,-0.4121,0.0436,0.0,-0.4397,0.2003
U034,49,10,35,61.77,0,0,0,12,0.1005,0.48,0.5853,-1.2618,0.0,-0.4397,2.1148
U034,50,10,34,53.47,2,0,0,11,0.1826,0.384,0.2767,1.4495,0.0,-0.4397,1.0586
U034,51,9,25,35.39,1,0,0,12,-0.9634,-0.746,-0.3361,0.0849,0.0,-0.4397,1.8769
U034,52,8,26,56.16,1,0,0,12,-2.1619,-0.5831,0.4758,0.1318,0.0,-0.4397,1.72
U034,53,9,37,47.36,1,0,0,9,-0.7983,0.79,0.1375,0.0901,0.0,-0.4397,-0.7768
U034,54,10,36,67.48,0,0,0,9,0.377,0.704,0.8868,-1.2641,0.0,-0.4397,-0.7248
U034,55,9,31,0.0,1,0,0,9,-0.7983,0.1156,-1.5698,0.1405,0.0,-0.4397,-0.6754
U034,56,9,41,11.52,1,0,1,12,-0.886,1.4782,-1.1046,0.0964,0.0,2.1985,2.0083
U034,57,10,29,0.0,1,0,0,8,0.4155,-0.1204,-1.4548,0.0498,0.0,-0.4397,-1.6001
U034,58,10,36,0.0,1,0,0,10,0.3777,0.8485,-1.4419,0.1042,0.0,-0.4397,0.1954
U034,59,11,32,40.19,1,0,1,8,1.7588,0.3043,-0.0163,0.1042,0.0,2.1985,-1.5981
U034,60,10,29,6.63,1,0,0,9,0.4397,-0.1216,-1.1224,0.1646,0.0,-0.4916,-0.6745
U035,1,7,28,23.36,1,0,1,9,0.0,0.0,0.0,0.0,0.0,0.0,0.0
U035,2,8,18,54.35,1,1,0,13,1.0,-10.0,30.99,0.0,1.0,-1.0,4.0
U035,3,7,30,60.89,1,0,0,11,-0.7071,0.9899,1.0056,0.0,-0.7071,-0.7071,0.0
U035,4,8,12,39.21,0,0,1,9,1.1547,-2.0739,-0.3487,-1.0,-0.5773,1.1547,-1.0
U035,5,8,34,8.26,0,0,0,9,0.866,1.4142,-2.1622,-1.5,-0.5,-0.866,-0.7833
U035,6,8,22,29.21,1,0,0,7,0.7303,-0.2638,-0.3684,0.7303,-0.4472,-0.7303,-1.7889
U035,7,7,20,14.79,3,0,0,10,-1.291,-0.4879,-1.0702,4.5185,-0.4082,-0.6455,0.1614
U035,8,8,22,26.06,0,0,0,10,0.8018,-0.1871,-0.3459,-1.0,-0.378,-0.5855,0.1512
U035,9,6,21,41.14,1,0,0,8,-3.1398,-0.3175,0.4965,0.1261,-0.3536,-0.5401,-0.9985
U035,10,8,28,19.08,1,0,0,7,0.7647,0.7495,-0.7992,0.1197,-0.3333,-0.504,-1.4687
U035,11,6,30,67.98,1,0,0,7,-2.1213,1.0023,2.1331,0.1142,-0.3162,-0.4743,-1.2577
U035,12,6,18,16.64,1,0,0,8,-1.6855,-0.9433,-0.937,0.1094,-0.3015,-0.4495,-0.5839
U035,13,7,24,52.33,0,0,0,6,-0.2887,0.0651,0.9773,-1.156,-0.2887,-0.4282,-1.6583
U035,14,7,21,39.18,0,0,0,10,-0.2773,-0.4266,0.2238,-1.0568,-0.2773,-0.4097,0.6405
U035,15,7,36,0.0,1,1,0,8,-0.2673,2.1193,-1.8974,0.2673,3.4744,-0.3934,-0.4571
U035,16,10,24,41.39,0,0,1,9,3.6148,-0.0406,0.427,-1.0328,-0.3789,2.4631,0.1099
U035,17,10,21,26.36,1,1,0,6,2.5617,-0.5117,-0.3597,0.3227,2.5617,-0.4651,-1.5985
U035,18,7,24,0.0,0,0,0,9,-0.4491,-0.0095,-1.7402,-1.0163,-0.4491,-0.4491,0.1923
U035,19,10,21,68.59,1,0,1,6,2.1731,-0.508,1.8783,0.3694,-0.4346,2.1731,-1.4962
U035,20,6,21,22.67,0,0,0,9,-1.2984,-0.4917,-0.4917,-1.0046,-0.4215,-0.5026,0.2579
U035,21,8,24,38.17,0,0,0,5,0.3526,0.0434,0.2694,-0.9554,-0.4094,-0.4873,-1.9821
U035,22,7,32,12.11,1,0,0,9,-0.4579,1.4657,-1.0222,0.4564,-0.3984,-0.4734,0.3241
U035,23,6,33,13.89,1,0,0,6,-1.2628,1.539,-0.888,0.4442,-0.3882,-0.4606,-1.2893
U035,24,8,25,0.0,0,0,0,7,0.4213,0.0807,-1.543,-0.9897,-0.3788,-0.4487,-0.6889
U035,25,9,31,19.78,1,0,0,5,1.2337,1.1148,-0.4845,0.4749,-0.37,-0.4378,-1.7372
U035,26,6,46,61.69,1,0,1,9,-1.2709,3.6447,1.5833,0.4635,-0.3618,2.245,0.4528
U035,27,6,23,18.84,1,0,0,7,-1.2087,-0.3707,-0.5641,0.4529,-0.3541,-0.4785,-0.6035
U035,28,9,20,0.0,0,0,0,8,1.2438,-0.7957,-1.4621,-1.0522,-0.3469,-0.4678,-0.0589
U035,29,9,22,68.45,0,0,0,7,1.1886,-0.4824,1.8655,-1.0133,-0.3402,-0.4578,-0.5976
U035,30,10,28,9.83,1,0,0,10,1.9275,0.4114,-0.9419,0.515,-0.3338,-0.4485,1.0547
U035,31,8,20,0.0,0,0,0,8,0.2766,-0.7921,-1.3619,-1.0087,-0.3277,-0.4397,-0.0727
U035,32,7,24,20.35,1,0,0,9,-0.5044,-0.1533,-0.3852,0.5483,-0.3277,-0.3856,0.4929
U035,33,9,29,19.97,1,0,0,7,1.0309,0.5698,-0.3592,0.5483,-0.2628,-0.3856,-0.6094
U035,34,8,33,0.0,2,0,0,10,0.2234,1.1839,-1.2514,2.0438,-0.2628,-0.3856,1.4566
U035,35,9,25,26.05,1,0,0,10,0.968,-0.1441,0.0382,0.4272,-0.2628,-0.3277,1.3987
U035,36,9,37,34.85,2,0,0,8,0.9294,1.8828,0.4228,1.8318,-0.2628,-0.3277,0.064
U035,37,9,43,0.0,1,0,0,6,0.8926,2.6576,-1.2144,0.3205,-0.2628,-0.3277,-1.2456
U035,38,9,21,8.04,1,0,0,8,0.8383,-0.8433,-0.7998,0.5034,-0.2628,-0.3277,0.1298
U035,39,8,26,0.0,1,0,0,6,0.0947,-0.1193,-1.1284,0.4572,-0.2628,-0.3277,-1.168
U035,40,6,11,11.99,2,0,0,8,-1.4186,-2.3194,-0.5177,2.1716,-0.2628,-0.3277,0.2198
U035,41,6,29,52.41,1,0,0,7,-1.326,0.3428,1.2994,0.3727,-0.2628,-0.3277,-0.463
U035,42,8,21,0.0,2,0,0,6,0.0947,-0.7227,-1.0603,1.97,-0.2628,-0.3277,-1.1243
U035,43,9,24,24.47,2,0,0,7,0.7826,-0.339,0.1024,1.8062,-0.2628,-0.3277,-0.4107
U035,44,9,36,33.91,1,0,0,10,0.7328,1.2881,0.5969,0.1957,-0.2628,-0.3277,1.5389
U035,45,7,32,35.24,1,0,0,7,-0.7826,0.6669,0.6724,0.1511,-0.2628,-0.3277,-0.4397
U035,46,6,33,25.27,2,0,0,9,-1.5164,0.8327,0.143,1.6622,-0.1826,-0.3277,0.8994
U035,47,6,26,38.11,1,0,0,8,-1.4186,-0.1571,0.7994,0.0498,-0.1826,-0.2628,0.2413
U035,48,8,43,54.3,0,0,1,9,0.1482,2.1342,1.5567,-1.4456,0.0,3.6788,0.873
U035,49,9,35,35.87,2,0,0,11,0.8699,0.8965,0.5664,1.5453,0.0,-0.3277,2.2162
U035,50,8,35,30.72,2,0,0,7,0.1542,0.8383,0.4042,1.4392,0.0,-0.2628,-0.5521
U035,51,9,30,0.0,1,0,0,5,0.9051,0.1412,-1.1892,-0.0964,0.0,-0.2628,-1.792
U035,52,10,31,36.41,1,0,0,6,1.6549,0.2455,0.7383,-0.1511,0.0,-0.2628,-1.152
U035,53,8,36,12.03,1,0,0,7,0.0,0.8972,-0.5386,-0.1511,0.0,-0.2628,-0.4433
U035,54,8,29,19.71,1,0,0,10,-0.053,-0.0214,-0.1469,-0.1511,0.0,-0.2628,1.4603
U035,55,6,29,37.51,1,0,1,4,-1.6433,-0.0387,0.7355,-0.212,0.0,3.6788,-2.397
U035,56,6,29,21.3,1,0,0,7,-1.5135,-0.0301,-0.1316,-0.212,0.0,-0.3277,-0.4793
U035,57,6,25,5.74,0,0,0,8,-1.5135,-0.5181,-0.9241,-1.8023,0.0,-0.2628,0.1607
U035,58,7,20,28.53,2,0,1,8,-0.7439,-1.242,0.3502,1.36,0.0,3.6788,0.141
U035,59,6,38,35.38,4,0,0,6,-1.4662,1.3179,0.6875,4.3743,0.0,-0.3277,-1.0679
U035,60,6,25,26.57,1,0,0,3,-1.36,-0.6001,0.2902,-0.3777,0.0,-0.3277,-2.8172
U036,1,9,32,74.25,1,0,0,9,0.0,0.0,0.0,0.0,0.0,0.0,0.0
U036,2,9,24,63.57,1,0,0,10,0.0,-8.0,-10.68,0.0,0.0,0.0,1.0
U036,3,9,37,70.82,1,0,0,8,0.0,1.591,0.2529,0.0,0.0,0.0,-2.1213
U036,4,11,22,99.22,2,0,0,10,2.0,-1.3725,5.442,1.0,0.0,0.0,1.0
U036,5,10,28,56.3,1,0,1,9,0.5,-0.1072,-1.3341,-0.5,0.0,1.0,-0.2611
U036,6,9,33,104.52,1,0,0,7,-0.6708,0.7253,1.9452,-0.4472,0.0,-0.4472,-2.6295
U036,7,9,26,103.48,0,0,0,7,-0.5976,-0.5832,1.3019,-2.8577,0.0,-0.4082,-1.5682
U036,8,11,32,92.02,1,0,0,10,1.9972,0.5855,0.5089,0.0,0.0,-0.378,1.1227
U036,9,9,26,107.04,1,0,0,9,-0.6822,-0.6383,1.2603,0.0,0.0,-0.3536,0.195
U036,10,12,35,96.37,0,0,0,7,2.7717,1.2511,0.5465,-2.0,0.0,-0.3333,-1.4792
U036,11,11,19,83.59,0,0,0,9,1.057,-2.1023,-0.1692,-1.5855,0.0,-0.3162,0.3162
U036,12,10,35,68.06,1,0,0,8,0.08,1.1327,-1.0346,0.3015,0.0,-0.3015,-0.5276
U036,13,10,24,64.84,0,0,0,8,0.0769,-0.885,-1.1303,-1.4434,0.0,-0.2887,-0.5009
U036,14,9,29,74.43,1,0,0,8,-0.8895,0.0542,-0.5002,0.3852,0.0,-0.2773,-0.478
U036,15,9,26,72.05,2,0,0,11,-0.8345,-0.4976,-0.6158,2.0974,0.0,-0.2673,2.2895
U036,16,11,22,66.09,1,0,1,7,1.1832,-1.232,-0.9397,0.2084,0.0,3.6148,-1.3502
U036,17,10,39,64.36,1,0,0,9,0.122,2.0223,-0.9886,0.2019,0.0,-0.366,0.3463
U036,18,11,34,98.03,0,0,0,10,1.126,0.897,1.0678,-1.47,0.0,-0.3542,1.1499
U036,19,9,27,98.55,1,0,2,9,-0.946,-0.3547,1.037,0.2695,0.0,5.841,0.2695
U036,20,9,36,68.03,2,0,0,6,-0.9,1.2479,-0.8265,1.923,0.0,-0.3933,-2.2289
U036,21,10,41,71.66,2,0,0,8,0.1518,2.0445,-0.5754,1.7168,0.0,-0.3823,-0.4176
U036,22,12,29,48.49,1,0,0,8,2.2237,-0.1397,-1.9677,0.0712,0.0,-0.3722,-0.4063
U036,23,9,23,96.36,0,0,0,9,-0.913,-1.1384,0.9744,-1.4618,0.0,-0.3629,0.3959
U036,24,8,32,84.38,2,0,0,8,-1.8383,0.4116,0.2461,1.6264,0.0,-0.3542,-0.4213
U036,25,7,18,70.79,1,0,0,7,-2.5991,-1.9667,-0.5558,0.0604,0.0,-0.3461,-1.2337
U036,26,10,35,98.84,2,0,1,9,0.2317,0.9365,1.1275,1.539,0.0,1.7775,0.4562
U036,27,10,26,82.09,0,0,0,8,0.2272,-0.5444,0.087,-1.4434,0.0,-0.3913,-0.3822
U036,28,8,41,74.0,0,0,0,8,-1.4964,1.9151,-0.4032,-1.3638,0.0,-0.3831,-0.3743
U036,29,11,25,101.55,1,0,0,10,1.1123,-0.7296,1.2957,0.0997,0.0,-0.3755,1.345
U036,30,11,37,70.79,0,0,0,9,1.0702,1.1772,-0.6298,-1.3232,0.0,-0.3682,0.4369
U036,31,11,23,73.88,2,0,0,9,1.0327,-1.0584,-0.4258,1.545,0.0,-0.3614,0.4284
U036,32,8,28,51.84,1,0,0,10,-1.5204,-0.2258,-1.7767,0.0901,0.0,-0.3614,1.2853
U036,33,10,41,79.86,0,0,1,9,0.1609,1.7758,-0.033,-1.2618,0.0,1.8071,0.4284
U036,34,11,15,87.91,3,0,2,9,0.9454,-2.2265,0.429,2.7673,0.0,3.7172,0.4
U036,35,10,36,80.51,0,0,0,9,0.1351,0.9271,0.0103,-1.1276,0.0,-0.4572,0.4397
U036,36,9,17,51.06,1,0,1,10,-0.6753,-1.7972,-1.9017,0.1184,0.0,1.349,1.3191
U036,37,11,14,104.18,1,0,1,8,0.9454,-2.0461,1.5408,0.1184,0.0,1.2572,-0.5298
U036,38,9,33,68.36,0,0,0,7,-0.7249,0.5254,-0.6832,-1.1276,0.0,-0.5034,-1.4875
U036,39,12,35,69.88,1,0,0,8,1.7557,0.7718,-0.5422,0.1184,0.0,-0.5034,-0.4823
U036,40,10,26,62.75,1,0,0,9,0.0519,-0.3956,-0.9597,0.1184,0.0,-0.5034,0.4519
U036,41,9,21,81.05,2,0,0,7,-0.7079,-0.9899,0.3204,1.2887,0.0,-0.5034,-1.4606
U036,42,10,37,52.14,1,0,0,9,0.1646,1.0251,-1.6036,0.0,0.0,-0.5034,0.4519
U036,43,10,44,56.8,1,0,0,8,0.1646,1.8914,-1.211,0.0,0.0,-0.5034,-0.4823
U036,44,12,30,95.91,3,0,0,9,1.8109,0.04,1.3005,2.4318,0.0,-0.5034,0.422
U036,45,10,22,102.56,1,0,0,8,0.0788,-0.9248,1.6309,-0.113,0.0,-0.5034,-0.5131
U036,46,12,49,76.27,1,0,2,8,1.6433,2.3083,-0.0485,-0.0768,0.0,2.8525,-0.463
U036,47,11,21,56.0,1,0,0,8,0.7952,-1.0513,-1.2759,-0.0768,0.0,-0.5044,-0.5135
U036,48,10,28,89.71,0,0,0,8,0.0,-0.207,0.7351,-1.2284,0.0,-0.5044,-0.4795
U036,49,9,30,75.24,1,0,0,7,-0.7439,0.0371,-0.0972,-0.0768,0.0,-0.5044,-1.5018
U036,50,11,20,119.68,1,0,0,9,0.7952,-1.0883,2.6747,-0.0768,0.0,-0.4572,0.6952
U036,51,11,27,79.57,1,0,1,10,0.7439,-0.2464,0.0971,-0.0392,0.0,1.2572,1.8252
U036,52,11,36,65.19,1,0,1,9,0.7118,0.8224,-0.7157,0.0,0.0,1.1746,0.5554
U036,53,10,40,59.23,1,0,0,9,-0.0262,1.2368,-1.1212,0.0,0.0,-0.5496,0.5188
U036,54,10,21,72.51,0,0,0,11,-0.053,-0.9478,-0.2823,-1.2777,0.0,-0.5496,2.7421
U036,55,9,32,87.89,0,0,0,9,-0.9478,0.3057,0.6293,-1.1953,0.0,-0.5496,0.3669
U036,56,9,34,71.41,1,0,0,8,-1.1283,0.4857,-0.355,0.0805,0.0,-0.5496,-0.7351
U036,57,8,18,63.53,1,0,0,9,-1.9961,-1.3066,-0.7758,0.1245,0.0,-0.5034,0.3476
U036,58,9,32,80.12,2,0,0,9,-0.9522,0.2883,0.239,1.359,0.0,-0.5034,0.315
U036,59,11,24,77.05,2,0,0,11,0.7837,-0.5704,0.0471,1.2693,0.0,-0.5034,2.4
U036,60,11,41,68.84,3,0,0,6,0.7837,1.3446,-0.402,2.4318,0.0,-0.5034,-2.7493
U037,1,10,21,91.56,1,0,0,3,0.0,0.0,0.0,0.0,0.0,0.0,0.0
U037,2,8,44,81.0,2,0,0,6,-2.0,23.0,-10.56,1.0,0.0,0.0,3.0
U037,3,11,14,50.3,1,0,0,5,1.4142,-1.1375,-4.8185,-0.7071,0.0,0.0,0.2357
U037,4,7,9,83.56,2,0,0,8,-1.7457,-1.1044,0.4327,1.1547,0.0,0.0,2.1822
U037,5,9,25,59.31,1,0,3,5,0.0,0.1939,-0.9553,-0.866,0.0,3.0,-0.2402
U037,6,9,21,69.25,1,0,1,6,0.0,-0.1188,-0.2228,-0.7303,0.0,0.2981,0.3303
U037,7,8,24,87.17,0,0,0,8,-0.7071,0.1382,0.9336,-2.582,0.0,-0.5505,1.5215
U037,8,8,23,42.47,1,0,0,4,-0.6372,0.0389,-2.0882,-0.207,0.0,-0.504,-1.0476
U037,9,6,32,90.93,0,0,0,5,-2.1455,0.9181,1.1173,-1.7554,0.0,-0.4677,-0.3536
U037,10,11,14,93.73,0,0,0,3,1.6933,-0.9619,1.1391,-1.4142,0.0,-0.4384,-1.5333
U037,11,11,17,79.88,0,0,2,9,1.4055,-0.5725,0.2675,-1.2197,0.0,1.6562,2.094
U037,12,9,2,85.46,1,0,0,6,0.0535,-2.1022,0.5721,0.2422,0.0,-0.5266,0.1806
U037,13,10,16,76.44,0,0,1,0,0.6682,-0.4147,0.013,-1.161,0.0,0.5,-2.9472
U037,14,7,14,48.06,0,0,0,6,-1.2649,-0.5882,-1.7256,-1.061,0.0,-0.5566,0.3178
U037,15,8,9,102.18,0,0,0,7,-0.5323,-1.0518,1.6066,-0.9835,0.0,-0.5316,0.7343
U037,16,10,15,83.62,0,0,1,8,0.7655,-0.3922,0.4127,-0.9211,0.0,0.5826,1.134
U037,17,10,27,48.21,1,0,0,7,0.7287,0.8331,-1.5982,0.5217,0.0,-0.559,0.6227
U037,18,10,24,54.29,0,0,1,5,0.6968,0.4864,-1.1136,-0.9219,0.0,0.6054,-0.286
U037,19,9,21,96.34,1,0,0,6,0.0,0.1568,1.2153,0.5573,0.0,-0.5831,0.1768
U037,20,12,26,75.47,2,0,0,6,2.0647,0.69,0.0285,2.0007,0.0,-0.5631,0.1722
U037,21,10,12,81.95,0,0,0,5,0.543,-0.8615,0.382,-0.9554,0.0,-0.5451,-0.3118
U037,22,9,15,70.43,0,0,0,4,-0.1239,-0.497,-0.2718,-0.9129,0.0,-0.5287,-0.795
U037,23,10,17,90.87,1,0,1,8,0.5453,-0.2594,0.9028,0.5004,0.0,0.742,1.2168
U037,24,9,29,84.65,1,0,0,4,-0.1473,1.1188,0.5106,0.4871,0.0,-0.5519,-0.8114
U037,25,10,17,105.07,2,0,0,7,0.5482,-0.2989,1.6901,1.8994,0.0,-0.5373,0.7014
U037,26,9,6,95.09,0,0,0,4,-0.1687,-1.5698,1.0039,-0.9768,0.0,-0.5237,-0.821
U037,27,6,13,65.44,0,0,0,5,-2.3168,-0.6783,-0.7072,-0.9408,0.0,-0.5112,-0.2909
U037,28,10,11,73.27,0,0,0,3,0.5917,-0.8889,-0.2416,-0.9085,0.0,-0.4995,-1.3119
U037,29,12,5,89.82,1,0,0,4,1.9258,-1.5497,0.7231,0.4886,0.0,-0.4886,-0.7427
U037,30,8,0,123.04,0,0,0,5,-0.8006,-2.0231,2.6491,-0.9088,0.0,-0.4783,-0.2116
U037,31,7,21,41.97,1,0,0,5,-1.4283,0.3812,-1.9951,0.5104,0.0,-0.4687,-0.208
U037,32,9,15,83.33,1,0,0,6,-0.0632,-0.26,0.288,0.5104,0.0,-0.4687,0.2851
U037,33,11,30,41.62,1,0,1,5,1.1891,1.7123,-1.8262,0.5929,0.0,0.9374,-0.2495
U037,34,9,13,95.03,1,1,0,4,-0.0849,-0.4841,0.8695,0.5929,1.0,-0.5104,-0.7841
U037,35,10,17,103.7,0,0,0,5,0.5271,-0.0163,1.2648,-0.9051,-0.1826,-0.5104,-0.1826
U037,36,12,12,72.48,2,0,1,4,1.8152,-0.6065,-0.3293,2.3324,-0.1826,1.408,-0.7303
U037,37,10,36,82.76,0,0,0,5,0.4155,2.4192,0.1628,-0.8347,-0.1826,-0.512,-0.1452
U037,38,10,16,94.98,0,0,0,5,0.3777,-0.1113,0.7634,-0.8347,-0.1826,-0.512,-0.0945
U037,39,10,8,69.76,0,1,0,3,0.3397,-1.0138,-0.5745,-0.7826,5.2946,-0.512,-1.2572
U037,40,7,49,50.17,1,0,0,5,-1.8197,4.006,-1.5385,0.6848,-0.2628,-0.512,-0.0743
U037,41,10,28,60.03,0,0,0,7,0.3605,1.0673,-0.9334,-0.8347,-0.2628,-0.512,1.0286
U037,42,8,9,94.12,2,0,0,8,-0.9853,-0.8137,0.7793,2.1112,-0.2628,-0.4916,1.754
U037,43,9,10,93.35,0,0,0,5,-0.271,-0.7608,0.7217,-0.8288,-0.2628,-0.4916,-0.117
U037,44,11,13,56.12,0,0,0,4,1.1085,-0.4406,-1.1024,-0.8288,-0.2628,-0.4397,-0.9751
U037,45,12,14,63.03,0,0,0,6,1.7453,-0.339,-0.7969,-0.8288,-0.2628,-0.4397,0.4937
U037,46,8,16,60.27,0,0,0,5,-1.1085,-0.1613,-0.8795,-0.8288,-0.2628,-0.4397,-0.1921
U037,47,9,24,59.39,1,0,0,6,-0.3774,0.626,-0.8748,0.5525,-0.2628,-0.3856,0.6466
U037,48,9,27,72.05,0,0,0,6,-0.355,0.9399,-0.2782,-0.8288,-0.2628,-0.3856,0.6922
U037,49,10,20,60.05,1,0,0,4,0.3327,0.2306,-0.9313,0.5525,-0.2628,-0.3277,-0.9247
U037,50,8,4,49.56,0,1,2,3,-1.0205,-1.3488,-1.4106,-0.8288,3.6788,6.2269,-1.6549
U037,51,9,26,65.98,0,0,0,5,-0.2753,0.8855,-0.5049,-0.7826,-0.3277,-0.3614,0.0
U037,52,7,16,72.26,0,0,0,3,-1.6323,-0.1319,-0.165,-0.7826,-0.3277,-0.3614,-1.5232
U037,53,10,20,75.64,1,0,0,8,0.463,0.251,-0.0001,0.6848,-0.3277,-0.3614,2.2445
U037,54,9,26,85.41,0,0,0,7,-0.1984,0.8198,0.5163,-0.7826,-0.3277,-0.3071,1.5045
U037,55,10,3,88.21,1,0,0,3,0.463,-1.4025,0.6553,0.7328,-0.3277,-0.3071,-1.489
U037,56,6,30,48.01,0,1,1,5,-2.1825,1.2328,-1.3798,-0.7421,2.9496,1.9961,0.048
U037,57,6,19,41.43,0,0,0,7,-1.9664,0.1189,-1.6238,-0.7421,-0.3856,-0.3614,1.4769
U037,58,9,4,71.92,0,0,1,6,-0.1229,-1.3126,-0.0152,-0.7421,-0.3856,1.8071,0.6779
U037,59,10,20,80.33,0,0,0,5,0.5142,0.212,0.4022,-0.7421,-0.3856,-0.413,-0.0964
U037,60,11,3,89.25,0,0,1,2,1.2345,-1.4361,0.8671,-0.6922,-0.3856,1.6521,-2.317
U038,1,11,51,91.32,0,0,0,10,0.0,0.0,0.0,0.0,0.0,0.0,0.0
U038,2,10,41,87.34,0,0,0,11,-1.0,-10.0,-3.98,0.0,0.0,0.0,1.0
U038,3,8,26,89.89,1,0,0,10,-3.5355,-2.8284,0.199,1.0,0.0,0.0,-0.7071
U038,4,10,30,86.79,2,0,1,10,0.2182,-0.7417,-1.3524,2.8867,0.0,1.0,-0.5773
U038,5,7,31,97.65,0,0,0,7,-2.1855,-0.5317,4.1242,-0.7833,0.0,-0.5,-6.5
U038,6,8,41,96.73,0,0,0,12,-0.7303,0.5131,1.408,-0.6708,0.0,-0.4472,1.5825
U038,7,10,36,103.07,3,0,0,9,0.6455,-0.0716,2.4728,2.9881,0.0,-0.4082,-0.5976
U038,8,7,34,109.24,3,0,0,10,-1.4638,-0.3024,2.6423,1.7637,0.0,-0.378,0.0908
U038,9,11,46,94.05,0,0,0,8,1.3686,1.2305,-0.1513,-0.8295,0.0,-0.3536,-1.2862
U038,10,7,37,84.79,1,0,0,10,-1.3065,-0.0412,-1.3859,0.0,0.0,-0.3333,0.2222
U038,11,8,46,87.8,1,0,0,9,-0.5411,1.1401,-0.8113,0.0,0.0,-0.3162,-0.4936
U038,12,7,34,116.48,3,0,1,11,-1.1356,-0.5313,3.0248,1.6903,0.0,3.0151,1.0013
U038,13,10,38,89.37,0,0,0,12,0.8259,0.0336,-0.6173,-0.9206,0.0,-0.4282,1.6583
U038,14,11,29,90.9,4,0,0,9,1.4037,-1.2317,-0.4256,2.3277,0.0,-0.4097,-0.6405
U038,15,12,40,96.28,0,0,0,10,1.8738,0.3951,0.174,-0.8945,0.0,-0.3934,0.1016
U038,16,11,32,87.49,1,0,1,11,1.0561,-0.7612,-0.8182,-0.1404,0.0,2.4631,0.8359
U038,17,12,42,100.16,0,0,0,12,1.5536,0.7247,0.6632,-0.8624,0.0,-0.4651,1.5391
U038,18,10,37,121.66,0,0,1,10,0.3198,-0.0433,3.1255,-0.8194,0.0,2.0957,-0.0423
U038,19,10,50,84.33,2,0,1,10,0.3104,1.9314,-1.1252,0.7,0.0,1.8181,-0.0412
U038,20,8,21,96.75,0,0,2,10,-0.8451,-2.4089,0.114,-0.8317,0.0,3.839,-0.0401
U038,21,9,37,85.31,0,0,1,11,-0.2313,-0.0128,-0.9995,-0.7973,0.0,1.1071,0.7443
U038,22,10,39,93.65,1,0,0,11,0.3668,0.2497,-0.1423,0.0,0.0,-0.6461,0.7174
U038,23,10,43,99.71,0,0,0,11,0.3577,0.7804,0.4642,-0.7859,0.0,-0.6258,0.6933
U038,24,13,41,106.0,2,0,1,10,2.2024,0.4828,1.0901,0.8278,0.0,1.1386,-0.1413
U038,25,10,40,82.81,1,0,0,12,0.2391,0.3329,-1.3031,0.0,0.0,-0.6513,1.5229
U038,26,8,43,106.19,1,0,1,9,-0.9369,0.747,1.0985,0.0,0.0,1.1255,-1.0047
U038,27,11,24,91.56,2,0,2,10,0.8585,-1.9678,-0.4025,0.8333,0.0,2.8286,-0.1559
U038,28,6,35,103.39,2,0,0,10,-2.1221,-0.3196,0.8024,0.8076,0.0,-0.6939,-0.153
U038,29,11,40,80.47,1,0,0,8,0.8557,0.3722,-1.5553,-0.0603,0.0,-0.6758,-1.8338
U038,30,11,40,86.27,0,0,0,10,0.8306,0.3651,-0.8899,-0.9193,0.0,-0.6592,-0.0838
U038,31,8,34,69.6,1,0,0,11,-0.8826,-0.4904,-2.5294,-0.0288,0.0,-0.6436,0.7417
U038,32,11,35,104.48,0,0,0,11,0.8634,-0.2873,0.9343,-0.9335,0.0,-0.6436,0.7079
U038,33,9,31,108.71,2,0,0,9,-0.2785,-0.8667,1.2577,0.8168,0.0,-0.6436,-0.9257
U038,34,6,11,90.35,0,0,1,13,-1.9895,-4.0698,-0.4447,-0.9522,0.0,0.9655,2.3358
U038,35,7,36,86.21,1,0,0,9,-1.2722,-0.0298,-0.8258,-0.0288,0.0,-0.6436,-0.8893
U038,36,8,25,109.32,1,0,0,8,-0.7421,-1.4662,1.2475,-0.0583,0.0,-0.6436,-1.843
U038,37,9,32,90.77,2,0,0,9,-0.212,-0.4837,-0.4094,0.8,0.0,-0.6436,-0.9051
U038,38,9,40,91.02,1,0,0,12,-0.1946,0.5316,-0.3546,-0.0617,0.0,-0.6436,1.4908
U038,39,7,21,89.6,0,0,1,12,-1.328,-1.8538,-0.4355,-0.9832,0.0,0.9655,1.3876
U038,40,10,19,84.55,0,0,1,8,0.3764,-1.9471,-0.8658,-0.9832,0.0,0.9051,-1.8394
U038,41,8,37,114.21,1,0,0,9,-0.7727,0.2853,1.7459,0.0323,0.0,-0.7421,-0.9471
U038,42,10,34,75.88,4,0,0,11,0.3312,-0.0235,-1.6352,2.9354,0.0,-0.7421,0.5483
U038,43,11,37,101.09,1,0,0,11,0.8538,0.3291,0.6168,0.0,0.0,-0.6922,0.5483
U038,44,11,42,77.41,2,0,1,12,0.8258,0.9222,-1.4433,0.8803,0.0,0.9051,1.3541
U038,45,11,29,93.72,1,0,0,9,0.8258,-0.6548,-0.01,0.0346,0.0,-0.7421,-1.0087
U038,46,8,34,98.22,1,0,1,8,-0.8635,-0.0273,0.3697,0.0,0.0,0.8482,-1.7127
U038,47,11,32,113.78,0,0,0,10,0.9227,-0.2694,1.6332,-1.0561,0.0,-0.7421,-0.1429
U038,48,8,29,90.26,0,0,0,10,-0.808,-0.5897,-0.3439,-1.0561,0.0,-0.7421,-0.0982
U038,49,9,35,88.27,3,0,0,14,-0.176,0.1539,-0.4586,2.1122,0.0,-0.6922,2.8477
U038,50,8,39,85.53,0,0,0,11,-0.7448,0.7364,-0.7149,-1.0339,0.0,-0.6436,0.4794
U038,51,13,32,84.49,1,0,1,10,2.1953,-0.237,-0.7682,-0.0334,0.0,1.2195,-0.1955
U038,52,11,41,90.67,0,0,0,10,0.8739,0.9722,-0.2252,-1.0881,0.0,-0.6097,-0.1743
U038,53,11,44,112.68,4,0,1,11,0.8464,1.3491,1.7025,2.9684,0.0,1.2195,0.503
U038,54,11,49,93.07,1,0,0,10,0.8197,1.9882,-0.0429,-0.1492,0.0,-0.6594,-0.1531
U038,55,11,26,99.98,1,0,1,11,0.9022,-0.9915,0.5821,-0.1206,0.0,1.2195,0.503
U038,56,8,27,106.02,1,0,0,12,-0.7988,-0.8052,1.0577,-0.1206,0.0,-0.6594,1.2042
U038,57,10,42,110.3,0,0,0,8,0.3158,1.1256,1.4271,-1.0248,0.0,-0.6097,-1.5211
U038,58,8,25,94.33,1,0,1,12,-0.7895,-1.0787,-0.0012,-0.0599,0.0,1.6304,1.1262
U038,59,10,45,88.86,1,0,0,9,0.3182,1.4451,-0.4364,-0.0304,0.0,-0.6436,-0.8122
U038,60,13,36,105.03,2,0,1,10,2.156,0.3088,0.92,0.8803,0.0,1.5018,-0.2135
U039,1,11,49,3.25,0,0,0,10,0.0,0.0,0.0,0.0,0.0,0.0,0.0
U039,2,11,49,0.0,1,0,0,12,0.0,0.0,-3.25,1.0,0.0,0.0,2.0
U039,3,8,42,49.62,0,0,0,11,-3.0,-7.0,20.8847,-0.7071,0.0,0.0,0.0
U039,4,11,31,15.25,0,1,0,10,0.5773,-3.8765,-0.0855,-0.5773,1.0,0.0,-1.0
U039,5,7,42,67.06,0,0,0,14,-2.1667,-0.0882,2.2045,-0.5,-0.5,0.0,3.3945
U039,6,6,30,37.6,1,0,0,10,-1.8468,-1.7099,0.3547,1.7889,-0.4472,0.0,-0.8367
U039,7,9,26,10.69,1,1,0,9,0.0,-1.7343,-0.671,1.291,2.0412,0.0,-1.3524
U039,8,9,18,29.94,1,0,0,3,0.0,-2.1742,0.1459,1.069,-0.5855,0.0,-4.6876
U039,9,10,48,0.0,1,0,0,10,0.5189,1.0724,-1.1253,0.9354,-0.5401,0.0,0.0393
U039,10,14,34,60.49,1,0,0,14,2.6667,-0.2846,1.5394,0.8433,-0.504,0.0,1.3811
U039,11,6,55,40.06,2,0,1,13,-1.5524,1.6879,0.4998,2.7111,-0.4743,1.0,0.8729
U039,12,9,28,30.09,0,0,0,11,-0.1112,-0.9135,0.0636,-1.1246,-0.4495,-0.3015,0.1493
U039,13,11,23,4.98,1,0,0,6,0.7477,-1.2843,-1.0202,0.5118,-0.4282,-0.2887,-1.577
U039,14,8,49,36.04,1,0,0,17,-0.6039,1.0682,0.3965,0.4881,-0.4097,-0.2773,2.2127
U039,15,7,37,0.0,0,0,0,13,-1.0233,-0.0367,-1.2274,-1.1686,-0.3934,-0.2673,0.6623
U039,16,7,33,37.75,0,0,0,13,-0.9559,-0.3905,0.5314,-1.0801,-0.3789,-0.2582,0.6316
U039,17,9,28,47.26,0,0,0,13,0.0,-0.834,0.9398,-1.0095,-0.366,-0.25,0.6049
U039,18,13,31,52.41,1,1,0,7,1.86,-0.5163,1.1228,0.6659,2.6568,-0.2425,-1.2716
U039,19,6,34,40.79,1,0,1,3,-1.4074,-0.2153,0.5305,0.64,-0.4346,4.0069,-2.3994
U039,20,9,51,47.86,1,0,0,10,-0.0224,1.4414,0.8387,0.6168,-0.4215,-0.3338,-0.129
U039,21,7,21,36.53,2,0,0,12,-0.8983,-1.506,0.2775,2.2993,-0.4094,-0.3249,0.4335
U039,22,9,21,2.47,2,0,0,9,0.021,-1.3944,-1.3496,1.9975,-0.3984,-0.3166,-0.4352
U039,23,9,39,28.41,0,0,0,10,0.0205,0.32,-0.0534,-1.1275,-0.3882,-0.309,-0.1324
U039,24,7,17,0.0,2,1,0,11,-0.9044,-1.7152,-1.4117,1.8308,2.5252,-0.3018,0.1685
U039,25,9,36,50.95,1,0,0,14,0.0581,0.1035,1.0643,0.2889,-0.4378,-0.2952,1.0787
U039,26,11,45,25.27,1,0,0,8,1.0057,0.9171,-0.1832,0.2828,-0.4276,-0.2889,-0.7899
U039,27,8,24,12.01,3,0,0,10,-0.4564,-1.0251,-0.8132,3.1593,-0.4181,-0.2831,-0.1531
U039,28,9,21,40.97,2,0,0,10,0.0357,-1.2598,0.6049,1.3878,-0.4092,-0.2776,-0.1503
U039,29,8,38,39.91,0,0,0,8,-0.4562,0.3281,0.5388,-1.1418,-0.4009,-0.2724,-0.7837
U039,30,7,27,0.0,1,0,0,8,-0.9454,-0.685,-1.4423,0.1266,-0.393,-0.2674,-0.7622
U039,31,7,35,7.37,0,0,0,16,-0.916,0.0709,-1.013,-1.1208,-0.3856,-0.2628,1.84
U039,32,9,31,23.9,1,0,0,13,0.1511,-0.2646,-0.2196,0.1245,-0.3856,-0.2628,0.7653
U039,33,9,27,55.2,0,0,0,7,0.1892,-0.6129,1.3158,-1.1208,-0.3856,-0.2628,-1.0747
U039,34,10,24,17.96,0,0,0,14,0.6888,-0.8684,-0.571,-1.1208,-0.3856,-0.2628,1.075
U039,35,11,7,10.82,1,0,0,8,1.244,-2.5177,-0.9355,0.1245,-0.3277,-0.2628,-0.7426
U039,36,9,41,5.65,4,0,0,11,0.1213,0.8893,-1.1615,3.907,-0.3277,-0.2628,0.1974
U039,37,9,4,0.0,1,0,0,11,0.072,-2.493,-1.3812,-0.0346,-0.3277,-0.2628,0.1875
U039,38,9,30,51.81,1,0,0,5,0.072,-0.0741,1.3079,-0.0346,-0.2628,-0.2628,-1.6122
U039,39,10,36,44.78,0,0,0,12,0.612,0.3949,0.8875,-1.0716,-0.2628,-0.2628,0.4637
U039,40,10,33,62.46,1,0,0,10,0.612,0.1823,1.7257,0.0,-0.2628,-0.2628,-0.1746
U039,41,11,31,71.04,0,0,0,12,1.4202,0.0116,2.1447,-1.0177,-0.2628,-0.2628,0.4926
U039,42,8,14,45.57,0,0,0,7,-0.5764,-1.5201,0.7572,-0.9521,-0.2628,-0.1826,-1.0767
U039,43,12,33,5.65,1,1,0,13,1.996,0.3101,-1.136,0.068,3.6788,-0.1826,0.85
U039,44,7,20,38.43,3,0,0,12,-1.1683,-0.9105,0.3924,2.1083,-0.3277,-0.1826,0.4764
U039,45,7,22,62.7,1,0,0,6,-1.1276,-0.6675,1.5202,0.0,-0.3277,-0.1826,-1.4858
U039,46,9,31,40.08,1,0,0,8,0.0805,0.2436,0.3673,-0.0323,-0.3277,-0.1826,-0.7058
U039,47,6,40,48.21,1,0,0,7,-1.8136,1.1181,0.7417,-0.0657,-0.3277,-0.1826,-0.9953
U039,48,8,44,33.27,2,1,0,5,-0.4892,1.4356,0.0448,0.9047,2.9496,-0.1826,-1.6125
U039,49,6,55,17.37,2,0,0,9,-1.7588,2.3551,-0.6754,0.8598,-0.3277,-0.1826,-0.2207
U039,50,11,40,0.0,1,0,0,8,1.5389,0.8468,-1.4531,-0.1634,-0.3277,0.0,-0.6785
U039,51,7,32,81.97,2,0,0,9,-1.1011,0.2139,2.4242,0.8171,-0.3277,0.0,-0.2886
U039,52,11,30,75.52,1,0,0,7,1.4399,0.0059,1.8833,-0.1634,-0.3277,0.0,-0.9841
U039,53,9,25,13.72,1,0,0,27,0.1229,-0.4699,-0.7978,-0.1323,-0.3277,0.0,6.2353
U039,54,12,21,0.0,1,0,0,17,1.9664,-0.7933,-1.3252,-0.1691,-0.3277,0.0,1.6108
U039,55,7,23,6.47,2,0,0,11,-1.1627,-0.6322,-1.0634,0.8905,-0.2628,0.0,0.1364
U039,56,10,34,31.24,1,0,0,15,0.6362,0.4151,-0.0012,-0.1691,-0.2628,0.0,1.0809
U039,57,8,12,25.58,1,0,1,8,-0.5109,-1.6191,-0.2366,-0.1691,-0.2628,1.0,-0.5747
U039,58,7,39,19.74,0,0,0,11,-1.1003,0.9381,-0.4942,-1.1919,-0.2628,-0.1826,0.1204
U039,59,8,33,28.02,0,0,0,9,-0.4624,0.3353,-0.1294,-1.1137,-0.2628,-0.1826,-0.3385
U039,60,8,40,83.31,1,0,1,10,-0.4624,0.9935,2.1306,-0.0359,-0.2628,5.2946,-0.1208
U040,1,11,36,93.39,0,0,0,5,0.0,0.0,0.0,0.0,0.0,0.0,0.0
U040,2,8,43,97.32,3,0,0,4,-3.0,7.0,3.93,3.0,0.0,0.0,-1.0
U040,3,8,28,105.64,1,0,1,8,-0.7071,-2.3234,3.7011,-0.2357,0.0,1.0,4.9497
U040,4,8,33,66.12,2,0,1,7,-0.5773,-0.3553,-5.2222,0.4364,0.0,1.1547,0.6405
U040,5,8,36,72.58,1,1,0,7,-0.5,0.1594,-1.0541,-0.3873,1.0,-0.866,0.5477
U040,6,12,49,63.14,2,0,0,14,2.5342,2.5322,-1.4147,0.5262,-0.4472,-0.7303,4.7469
U040,7,9,30,62.6,2,0,0,9,-0.0908,-1.0067,-1.1374,0.4767,-0.4082,-0.6455,0.4277
U040,8,11,53,72.73,0,0,0,7,1.108,2.2491,-0.4073,-1.6102,-0.378,-0.5855,-0.2197
U040,9,9,47,76.21,2,0,0,15,-0.2225,0.9453,-0.1755,0.5893,-0.3536,-0.5401,2.4414
U040,10,10,46,91.18,1,0,0,13,0.4216,0.7386,0.7741,-0.4384,-0.3333,-0.504,1.2163
U040,11,10,37,68.03,2,0,0,13,0.3985,-0.3596,-0.7779,0.6211,-0.3162,-0.4743,1.0751
U040,12,8,26,91.12,0,0,0,14,-1.0103,-1.6786,0.8003,-1.557,-0.3015,-0.4495,1.2364
U040,13,9,49,75.86,2,0,0,13,-0.2322,1.1737,-0.2788,0.677,-0.2887,-0.4282,0.8563
U040,14,9,38,84.22,1,0,0,11,-0.2234,-0.1642,0.3175,-0.4003,-0.2773,-0.4097,0.2805
U040,15,11,37,53.6,1,0,0,13,1.2928,-0.2753,-1.9177,-0.3845,-0.2673,-0.3934,0.8107
U040,16,10,49,66.58,1,0,0,6,0.4437,1.1844,-0.7821,-0.3705,-0.2582,-0.3789,-1.151
U040,17,10,35,61.45,0,0,0,11,0.4278,-0.5756,-1.0927,-1.5031,-0.25,-0.366,0.2889
U040,18,9,21,90.76,2,0,1,11,-0.3675,-2.2656,0.9609,0.8465,-0.2425,2.6568,0.2801
U040,19,10,28,102.07,0,0,0,10,0.4454,-1.1593,1.6799,-1.428,-0.2357,-0.4346,-0.016
U040,20,9,38,108.18,1,0,0,12,-0.3887,0.0058,1.9197,-0.2294,-0.2294,-0.4215,0.5771
U040,21,9,46,68.07,3,0,0,6,-0.3778,0.9063,-0.7379,2.0125,-0.2236,-0.4094,-1.2526
U040,22,10,46,82.82,1,0,0,18,0.4905,0.8679,0.2015,-0.2988,-0.2182,-0.3984,2.3996
U040,23,9,33,91.54,1,0,0,14,-0.3975,-0.6475,0.7493,-0.2916,-0.2132,-0.3882,0.9963
U040,24,9,49,72.98,2,1,0,13,-0.3878,1.2208,-0.464,0.8074,4.5873,-0.3788,0.6832
U040,25,9,19,49.12,0,0,0,13,-0.3788,-2.2755,-2.0074,-1.4227,-0.2952,-0.37,0.6627
U040,26,8,23,93.93,2,0,0,4,-1.2961,-1.5993,0.9385,0.8211,-0.2889,-0.3618,-1.8544
U040,27,9,49,64.4,3,0,0,5,-0.3166,1.1855,-0.9192,1.8833,-0.2831,-0.3541,-1.4405
U040,28,10,44,79.09,2,0,0,6,0.6206,0.6219,0.0225,0.6939,-0.2776,-0.3469,-1.1006
U040,29,12,51,75.13,2,0,0,12,2.4895,1.332,-0.2281,0.6758,-0.2724,-0.3402,0.5011
U040,30,8,23,60.19,2,0,1,11,-1.257,-1.5946,-1.1844,0.6592,-0.2674,2.8927,0.2271
U040,31,10,32,81.32,0,0,0,7,0.5161,-0.6056,0.212,-1.5018,-0.2628,-0.3856,-0.8482
U040,32,11,44,90.59,1,0,0,9,1.4467,0.6023,0.8438,-0.4291,-0.2628,-0.3856,-0.3375
U040,33,10,44,71.15,0,0,0,15,0.4692,0.5979,-0.411,-1.5081,-0.2628,-0.3856,1.3256
U040,34,12,37,92.95,3,0,0,7,2.2305,-0.1505,1.1773,1.8571,-0.2628,-0.3277,-1.027
U040,35,11,33,101.46,2,0,0,17,1.1547,-0.568,1.6913,0.6952,-0.2628,-0.2628,1.7996
U040,36,9,12,88.31,1,0,0,13,-0.6754,-2.6637,0.6805,-0.3802,-0.1826,-0.2628,0.5566
U040,37,9,28,98.59,0,0,0,5,-0.6281,-0.8556,1.3229,-1.3904,-0.1826,-0.2628,-1.6351
U040,38,10,25,83.8,1,0,0,10,0.3141,-1.1201,0.246,-0.272,-0.1826,-0.2628,-0.212
U040,39,10,25,64.69,1,0,0,2,0.3548,-1.0538,-1.0601,-0.315,-0.1826,-0.2628,-2.4003
U040,40,9,31,81.78,0,0,0,13,-0.6483,-0.4261,0.1104,-1.3412,-0.1826,-0.2628,0.6392
U040,41,11,34,112.51,0,0,0,14,1.3226,-0.101,2.1776,-1.2696,-0.1826,-0.2628,0.8916
U040,42,11,36,63.45,2,0,0,5,1.2563,0.0979,-1.1149,0.8456,-0.1826,-0.2628,-1.3787
U040,43,10,30,76.55,1,0,0,9,0.2244,-0.5085,-0.2348,-0.2402,-0.1826,-0.2628,-0.2959
U040,44,9,36,36.69,2,0,0,7,-0.7763,0.1316,-2.6982,0.8322,-0.1826,-0.2628,-0.7619
U040,45,9,29,91.14,4,0,0,6,-0.7763,-0.5534,0.6851,2.848,-0.1826,-0.2628,-0.969
U040,46,8,28,50.96,2,0,0,9,-1.708,-0.6235,-1.6609,0.6097,-0.1826,-0.2628,-0.1716
U040,47,9,38,82.4,0,0,0,12,-0.6281,0.4442,0.1586,-1.2446,-0.1826,-0.2628,0.5472
U040,48,9,23,73.3,1,1,0,10,-0.594,-1.0885,-0.3882,-0.3339,5.2946,-0.2628,0.0413
U040,49,9,38,106.24,2,1,1,11,-0.594,0.4295,1.4983,0.6097,3.6788,5.2946,0.2978
U040,50,9,64,83.85,1,0,0,7,-0.5608,3.0651,0.2269,-0.3738,-0.3277,-0.2628,-0.7022
U040,51,9,39,83.44,2,0,0,7,-0.5608,0.3586,0.2607,0.5608,-0.3277,-0.2628,-0.6591
U040,52,8,49,58.66,2,0,0,6,-1.4954,1.2953,-1.2212,0.6129,-0.3277,-0.2628,-0.9207
U040,53,10,38,104.85,1,0,0,11,0.422,0.2821,1.5,-0.3856,-0.3277,-0.2628,0.4531
U040,54,9,43,63.14,1,0,0,7,-0.5131,0.7167,-0.89,-0.3856,-0.3277,-0.2628,-0.6008
U040,55,11,33,132.23,2,0,0,14,1.2979,-0.1681,2.9434,0.6129,-0.2628,-0.2628,1.3849
U040,56,9,11,74.94,3,0,0,12,-0.561,-2.3146,-0.3353,1.5569,-0.2628,-0.2628,0.8121
U040,57,10,34,60.34,1,0,0,14,0.3049,-0.0804,-1.0483,-0.448,-0.2628,-0.2628,1.3189
U040,58,8,34,62.95,1,0,0,0,-1.5631,-0.0368,-0.9025,-0.3986,-0.2628,-0.2628,-2.6905
U040,59,8,52,97.33,1,0,0,11,-1.4467,1.6736,0.8523,-0.3669,-0.2628,-0.2628,0.4074
U040,60,9,38,62.17,0,0,0,5,-0.4652,0.3621,-0.9296,-1.3411,-0.2628,-0.2628,-1.1173
U041,1,9,40,63.05,0,0,1,12,0.0,0.0,0.0,0.0,0.0,0.0,0.0
U041,2,6,21,95.75,0,0,0,8,-3.0,-19.0,32.7,0.0,0.0,-1.0,-4.0
U041,3,7,34,60.07,0,0,0,12,-0.2357,0.2605,-0.836,0.0,0.0,-0.7071,0.7071
U041,4,9,16,79.28,0,0,0,7,1.0911,-1.613,0.3194,0.0,0.0,-0.5773,-1.5877
U041,5,7,4,135.61,0,0,0,7,-0.5,-2.1307,3.7082,0.0,0.0,-0.5,-1.0456
U041,6,9,16,50.36,2,0,1,10,1.0435,-0.4877,-1.1811,2.0,0.0,1.7889,0.3091
U041,7,6,12,102.27,0,0,1,10,-1.3793,-0.7477,0.6894,-0.4082,0.0,1.291,0.2851
U041,8,10,0,88.38,0,0,0,11,1.7381,-1.6255,0.1551,-0.378,0.0,-0.8018,0.7312
U041,9,8,17,82.25,1,0,1,8,0.0805,-0.0639,-0.076,1.0607,0.0,1.2076,-0.7866
U041,10,6,31,86.27,2,0,0,10,-1.3,1.0319,0.0836,2.357,0.0,-0.8433,0.2768
U041,11,6,15,42.98,0,0,0,13,-1.1376,-0.3207,-1.6996,-0.5883,0.0,-0.7746,1.8418
U041,12,8,34,68.9,0,0,1,8,0.3015,1.2528,-0.4449,-0.5542,0.0,1.2613,-0.8704
U041,13,9,11,63.6,0,0,1,9,0.9815,-0.724,-0.6339,-0.5255,0.0,1.1328,-0.3237
U041,14,7,19,115.82,0,0,1,9,-0.4819,-0.0253,1.5245,-0.5008,0.0,1.0377,-0.3107
U041,15,6,26,70.03,1,0,0,10,-1.1796,0.5746,-0.4295,0.863,0.0,-0.9636,0.2244
U041,16,10,17,100.8,0,0,0,12,1.7526,-0.2399,0.824,-0.5429,0.0,-0.9037,1.3016
U041,17,8,18,58.32,1,0,1,11,0.2093,-0.1417,-0.9472,0.8695,0.0,1.0979,0.665
U041,18,9,41,104.13,0,0,0,10,0.894,2.0152,0.9781,-0.5781,0.0,-0.9147,0.0956
U041,19,7,48,82.5,0,1,0,12,-0.5412,2.3685,0.039,-0.5573,1.0,-0.8692,1.2101
U041,20,8,12,51.74,0,0,1,9,0.1869,-0.7865,-1.2603,-0.5386,-0.2294,1.1413,-0.5235
U041,21,8,35,58.97,2,0,0,11,0.1823,1.0544,-0.8804,2.4597,-0.2236,-0.8816,0.62
U041,22,8,22,68.76,0,0,0,11,0.1779,-0.0187,-0.4335,-0.5742,-0.2182,-0.8452,0.6001
U041,23,8,39,76.02,0,0,0,11,0.1739,1.3504,-0.1116,-0.5572,-0.2132,-0.8129,0.582
U041,24,7,23,91.78,0,0,0,5,-0.6125,0.0034,0.5806,-0.5417,-0.2085,-0.7842,-2.9814
U041,25,7,1,95.91,0,0,1,9,-0.5954,-1.7778,0.7483,-0.5275,-0.2041,1.2638,-0.4277
U041,26,8,35,100.03,0,0,0,13,0.2254,1.0043,0.9102,-0.5143,-0.2,-0.8,1.6711
U041,27,8,19,92.66,0,0,0,9,0.221,-0.2782,0.5468,-0.502,-0.1961,-0.7752,-0.4666
U041,28,8,41,81.9,1,0,0,11,0.2168,1.4697,0.0424,0.9813,-0.1924,-0.7526,0.5704
U041,29,7,25,99.11,0,0,0,8,-0.6385,0.147,0.8427,-0.5264,-0.189,-0.7319,-1.0028
U041,30,7,25,118.53,1,0,0,10,-0.6233,0.1445,1.7273,0.9785,-0.1857,-0.7129,0.0718
U041,31,6,45,92.34,3,0,0,8,-1.4793,1.7506,0.43,3.9381,-0.1826,-0.6952,-0.9882
U041,32,11,21,106.44,0,0,1,11,2.9244,-0.189,1.0376,-0.5696,-0.1826,1.5018,0.6758
U041,33,7,9,77.63,0,0,0,9,-0.5999,-1.1341,-0.2973,-0.5696,-0.1826,-0.6952,-0.4484
U041,34,10,35,81.15,0,0,0,8,1.7475,0.9716,-0.1676,-0.5696,-0.1826,-0.6952,-0.9533
U041,35,8,30,95.95,1,0,1,11,0.1511,0.5259,0.5137,0.651,-0.1826,1.3904,0.6948
U041,36,7,11,95.87,0,0,0,12,-0.6336,-1.0485,0.6326,-0.6097,-0.1826,-0.7481,1.2288
U041,37,7,26,102.43,0,0,0,9,-0.5876,0.1666,0.9349,-0.56,-0.1826,-0.6952,-0.5519
U041,38,7,28,83.63,1,0,1,13,-0.6297,0.2928,-0.0758,0.7323,-0.1826,1.5018,1.7421
U041,39,8,19,69.97,0,0,0,7,0.2484,-0.5462,-0.8016,-0.6013,-0.1826,-0.6952,-1.632
U041,40,8,20,79.55,1,0,0,10,0.2484,-0.467,-0.2619,0.7323,-0.1826,-0.6436,0.0177
U041,41,8,37,84.65,1,1,0,14,0.2003,1.0453,0.0213,0.8288,5.2946,-0.6436,2.1405
U041,42,7,16,91.71,0,0,0,9,-0.7462,-0.8448,0.3546,-0.5953,-0.2628,-0.6436,-0.5135
U041,43,7,40,90.33,2,0,0,7,-0.7102,1.2877,0.2332,2.1522,-0.2628,-0.5929,-1.5794
U041,44,8,10,107.63,0,0,0,9,0.2398,-1.3957,1.247,-0.6436,-0.2628,-0.5424,-0.4855
U041,45,10,34,109.29,0,0,1,8,2.0223,0.6926,1.4025,-0.6436,-0.2628,1.9664,-0.9877
U041,46,10,1,101.8,0,0,0,7,1.8667,-2.1005,0.8396,-0.6013,-0.2628,-0.5424,-1.4334
U041,47,8,5,97.83,0,0,0,8,0.0889,-1.6185,0.5892,-0.6013,-0.2628,-0.5424,-0.8455
U041,48,8,28,111.57,2,1,0,8,0.0889,0.2203,1.4479,2.0245,3.6788,-0.4916,-0.7932
U041,49,8,5,130.6,0,0,0,7,0.1206,-1.5324,2.637,-0.6097,-0.3277,-0.4916,-1.2345
U041,50,7,32,64.25,0,0,0,4,-0.8228,0.6993,-1.6005,-0.6097,-0.2628,-0.4916,-2.5989
U041,51,10,35,61.84,1,0,0,7,1.9291,0.8916,-1.8621,0.6097,-0.2628,-0.4397,-0.9712
U041,52,9,7,84.45,1,0,0,8,0.9098,-1.3575,-0.4751,0.6872,-0.2628,-0.4397,-0.4763
U041,53,7,28,84.44,1,0,0,12,-0.8133,0.3587,-0.5263,0.6436,-0.2628,-0.4397,1.3104
U041,54,7,5,126.62,1,1,0,9,-0.7768,-1.4408,2.2231,0.6013,3.6788,-0.4397,-0.0143
U041,55,7,23,93.24,0,0,0,8,-0.7768,0.0438,-0.0466,-0.7323,-0.3277,-0.4397,-0.5307
U041,56,7,24,110.32,0,0,0,9,-0.7768,0.0678,1.0009,-0.7323,-0.3277,-0.3856,-0.0604
U041,57,8,3,95.35,1,0,0,10,0.0824,-1.6377,0.0657,0.56,-0.3277,-0.3856,0.4797
U041,58,8,12,122.12,1,0,1,8,0.0824,-0.8145,1.6703,0.5194,-0.3277,2.5067,-0.4938
U041,59,8,9,115.43,0,0,1,11,0.0824,-1.0061,1.1477,-0.7791,-0.3277,2.1985,1.0
U041,60,8,24,106.65,0,0,0,12,0.0555,0.2606,0.593,-0.7791,-0.3277,-0.4916,1.4178
U042,1,8,33,101.5,0,0,0,7,0.0,0.0,0.0,0.0,0.0,0.0,0.0
U042,2,8,41,97.79,0,0,1,14,0.0,8.0,-3.71,0.0,0.0,1.0,7.0
U042,3,8,34,67.79,0,0,0,8,0.0,-0.5303,-12.1428,0.0,0.0,-0.7071,-0.5051
U042,4,8,28,96.51,0,0,1,6,0.0,-1.8353,0.4048,0.0,0.0,1.1547,-0.9685
U042,5,8,22,118.32,0,0,0,12,0.0,-2.2413,1.7635,0.0,0.0,-0.866,0.9043
U042,6,8,36,97.03,1,0,0,10,0.0,0.6204,0.0356,1.0,0.0,-0.7303,0.1747
U042,7,8,32,82.59,0,0,0,13,0.0,-0.0506,-0.8531,-0.4082,0.0,-0.6455,1.1355
U042,8,9,39,81.19,1,0,1,12,1.0,1.1154,-0.8441,2.2678,0.0,1.4638,0.6433
U042,9,9,30,103.41,0,0,0,15,2.4749,-0.5159,0.6889,-0.5401,0.0,-0.7246,1.6025
U042,10,8,47,100.15,1,0,0,10,-0.504,2.4685,0.4152,1.7638,0.0,-0.6667,-0.2436
U042,11,8,25,89.87,0,0,0,16,-0.4743,-1.3046,-0.3382,-0.6211,0.0,-0.6211,1.7548
U042,12,8,32,103.55,0,0,0,9,-0.4495,-0.1883,0.6969,-0.5839,0.0,-0.5839,-0.665
U042,13,8,34,73.41,0,0,0,8,-0.4282,0.1084,-1.6487,-0.5528,0.0,-0.5528,-0.9402
U042,14,9,34,91.54,1,0,0,15,2.2532,0.1045,-0.128,1.7541,0.0,-0.5262,1.3362
U042,15,8,38,73.09,0,0,0,11,-0.5032,0.7291,-1.5064,-0.6094,0.0,-0.5032,-0.022
U042,16,8,32,73.82,0,0,0,13,-0.483,-0.2666,-1.3004,-0.5826,0.0,-0.483,0.6182
U042,17,9,37,104.67,1,0,0,10,2.0156,0.5677,0.9869,1.677,0.0,-0.4651,-0.3881
U042,18,8,28,104.68,0,0,0,9,-0.5381,-0.9735,0.932,-0.6262,0.0,-0.4491,-0.7114
U042,19,7,26,118.78,1,0,0,11,-2.857,-1.2611,1.8905,1.567,0.0,-0.4346,0.0
U042,20,8,36,99.58,1,0,0,16,-0.3149,0.4924,0.3962,1.4327,0.0,-0.4215,1.7556
U042,21,9,39,85.67,1,0,0,9,1.737,0.9892,-0.5687,1.3283,0.0,-0.4094,-0.7528
U042,22,8,26,104.33,1,0,1,11,-0.3722,-1.2772,0.751,1.244,0.0,2.3905,-0.0484
U042,23,8,30,96.24,1,0,0,19,-0.3629,-0.5289,0.154,1.1742,0.0,-0.4606,2.7272
U042,24,8,31,104.32,0,0,0,7,-0.3542,-0.343,0.734,-0.8578,0.0,-0.4487,-1.3739
U042,25,9,38,73.42,1,0,0,12,1.7305,0.8891,-1.5436,1.1583,0.0,-0.4378,0.2136
U042,26,8,32,85.91,0,0,0,17,-0.4,-0.1969,-0.5558,-0.8685,0.0,-0.4276,1.7479
U042,27,7,27,89.62,0,0,0,4,-2.426,-1.0894,-0.2746,-0.8397,0.0,-0.4181,-2.2348
U042,28,7,41,116.61,0,0,0,12,-2.1511,1.4568,1.7123,-0.8137,0.0,-0.4092,0.2051
U042,29,7,39,108.84,1,0,0,16,-1.9528,1.0275,1.0459,1.2208,0.0,-0.4009,1.329
U042,30,8,30,60.09,1,1,0,15,-0.1162,-0.5865,-2.4517,1.1695,1.0,-0.393,0.9889
U042,31,9,30,101.38,0,0,0,12,1.6001,-0.5736,0.5195,-0.8598,-0.1826,-0.3856,0.1208
U042,32,9,40,125.01,0,0,0,12,1.4817,1.2116,2.0736,-0.8598,-0.1826,-0.3856,0.0766
U042,33,8,36,108.23,0,0,0,10,-0.212,0.5158,0.8522,-0.8598,-0.1826,-0.3277,-0.482
U042,34,8,29,85.77,0,0,0,14,-0.212,-0.7381,-0.6369,-0.8598,-0.1826,-0.3277,0.666
U042,35,8,41,100.82,0,0,0,6,-0.212,1.3888,0.3462,-0.8598,-0.1826,-0.2628,-1.8471
U042,36,7,33,76.3,0,0,0,8,-1.8023,-0.155,-1.2184,-0.8598,-0.1826,-0.2628,-1.1085
U042,37,8,27,99.17,0,0,0,10,-0.1511,-1.2557,0.3266,-0.8028,-0.1826,-0.2628,-0.4976
U042,38,8,41,101.94,0,0,0,14,-0.1511,1.353,0.4732,-0.8028,-0.1826,-0.2628,0.6784
U042,39,9,42,110.34,1,0,0,15,1.4591,1.5011,0.9838,1.2922,-0.1826,-0.1826,0.9388
U042,40,9,34,95.9,1,0,0,11,1.4591,-0.0058,0.0213,1.2042,-0.1826,-0.1826,-0.1991
U042,41,8,32,96.97,0,0,0,13,-0.1511,-0.3087,0.1,-0.8028,-0.1826,-0.1826,0.3616
U042,42,7,34,100.11,1,0,0,9,-1.6622,0.0338,0.2892,1.2042,-0.1826,-0.1826,-0.7702
U042,43,9,30,108.1,2,0,0,15,1.3497,-0.7923,0.8191,3.1084,-0.1826,-0.1826,0.9847
U042,44,9,34,83.09,1,1,0,10,1.2641,0.0469,-0.9144,0.8736,5.2946,-0.1826,-0.5488
U042,45,9,33,114.08,0,1,0,16,1.2641,-0.1541,1.1712,-0.8736,3.6788,-0.1826,1.278
U042,46,8,28,88.66,0,0,0,21,-0.1826,-1.1405,-0.6197,-0.8736,-0.3277,-0.1826,2.6462
U042,47,8,29,99.03,1,1,0,8,-0.1826,-0.8918,0.0525,0.8736,2.9496,-0.1826,-1.0791
U042,48,8,33,86.78,0,0,0,11,-0.1405,-0.0398,-0.8032,-0.8736,-0.3856,-0.1826,-0.2745
U042,49,9,35,103.96,1,0,0,14,1.2641,0.3313,0.4553,0.8736,-0.3856,-0.1826,0.4851
U042,50,7,40,69.38,0,0,0,13,-1.6692,1.3371,-2.0218,-0.8736,-0.3856,-0.1826,0.1988
U042,51,9,32,119.33,0,0,0,9,1.1867,-0.3704,1.603,-0.8168,-0.3856,-0.1826,-0.8258
U042,52,9,29,74.06,0,0,0,13,1.1867,-0.9577,-1.5357,-0.7625,-0.3856,-0.1826,0.2284
U042,53,8,49,126.54,0,0,0,4,-0.2232,3.3091,1.9595,-0.7102,-0.3856,0.0,-2.163
U042,54,8,27,120.21,0,0,0,16,-0.2232,-1.3626,1.3999,-0.6594,-0.3856,0.0,1.1163
U042,55,8,31,129.33,1,0,2,14,-0.2232,-0.5768,1.8657,1.139,-0.3856,2.0,0.5231
U042,56,8,36,118.75,0,0,0,11,-0.1826,0.3778,1.1122,-0.6594,-0.3856,-0.1826,-0.2777
U042,57,9,38,78.03,0,1,0,6,1.1867,0.719,-1.295,-0.6594,2.5067,-0.1826,-1.5728
U042,58,8,42,76.9,1,0,0,13,-0.28,1.4149,-1.3094,1.139,-0.4397,-0.1826,0.2963
U042,59,9,41,90.93,0,1,0,9,1.1293,1.2114,-0.4422,-0.7102,2.1985,-0.1826,-0.8228
U042,60,8,38,97.37,0,0,0,13,-0.4606,0.6346,-0.0521,-0.6594,-0.4916,-0.1826,0.3556
U043,1,8,18,56.4,0,0,0,13,0.0,0.0,0.0,0.0,0.0,0.0,0.0
U043,2,8,15,12.41,0,0,0,9,0.0,-3.0,-43.99,0.0,0.0,0.0,-4.0
U043,3,7,23,14.83,0,0,0,7,-1.0,3.0641,-0.6293,0.0,0.0,0.0,-1.4142
U043,4,10,12,22.82,1,0,0,9,4.0414,-1.6496,-0.2046,1.0,0.0,0.0,-0.2182
U043,5,10,27,0.0,2,0,0,9,1.3908,2.132,-1.3079,3.5,0.0,0.0,-0.1987
U043,6,9,18,2.23,0,0,0,8,0.2981,-0.1655,-0.8964,-0.6708,0.0,0.0,-0.639
U043,7,8,24,58.73,1,0,0,9,-0.5505,0.9534,1.9763,0.5976,0.0,0.0,-0.0816
U043,8,11,14,10.66,1,0,0,13,2.1418,-1.0476,-0.5469,0.5447,0.0,0.0,2.0688
U043,9,8,5,0.0,0,0,0,10,-0.6452,-2.6163,-0.9709,-0.84,0.0,0.0,0.1705
U043,10,10,8,28.68,1,0,0,6,0.9389,-1.3761,0.3919,0.6118,0.0,0.0,-1.7786
U043,11,9,19,25.96,0,0,0,11,0.0777,0.3692,0.2449,-0.8581,0.0,0.0,0.7511
U043,12,8,13,54.04,0,0,0,7,-0.7445,-0.5406,1.6014,-0.7933,0.0,0.0,-1.1119
U043,13,7,14,67.77,0,0,0,11,-1.5362,-0.359,2.0164,-0.7416,0.0,0.0,0.788
U043,14,10,22,19.83,2,0,0,10,1.0456,0.9344,-0.3085,2.3302,0.0,0.0,0.2822
U043,15,11,0,11.46,0,0,1,13,1.7695,-2.6683,-0.6568,-0.7559,0.0,1.0,1.6992
U043,16,8,15,34.35,0,0,0,11,-0.6994,-0.0634,0.3791,-0.7176,0.0,-0.2582,0.5991
U043,17,10,13,36.23,0,0,0,13,0.8586,-0.3429,0.4512,-0.6847,0.0,-0.25,1.4938
U043,18,12,5,14.86,1,0,0,10,2.3573,-1.4902,-0.5567,0.7379,0.0,-0.2425,0.0262
U043,19,8,35,0.0,0,0,0,14,-0.7659,2.845,-1.2421,-0.7071,0.0,-0.2357,1.8586
U043,20,7,10,5.62,0,0,0,9,-1.4327,-0.6939,-0.8987,-0.6799,0.0,-0.2294,-0.5
U043,21,9,6,9.78,0,0,0,10,0.0341,-1.1552,-0.6629,-0.6557,0.0,-0.2236,-0.0441
U043,22,11,24,3.04,0,0,1,9,1.4309,1.0813,-0.9631,-0.6339,0.0,4.3643,-0.4953
U043,23,6,0,0.0,1,0,0,10,-2.0815,-1.8615,-1.0677,0.8871,0.0,-0.309,-0.0209
U043,24,10,20,73.64,0,0,0,9,0.6949,0.5978,2.5059,-0.6564,0.0,-0.3018,-0.492
U043,25,9,11,53.69,1,0,0,9,0.027,-0.465,1.3106,0.8921,0.0,-0.2952,-0.4796
U043,26,7,16,56.28,0,0,0,13,-1.2952,0.1371,1.3523,-0.6763,0.0,-0.2889,1.4822
U043,27,9,19,22.52,0,0,0,9,0.0753,0.4963,-0.1424,-0.6577,0.0,-0.2831,-0.5138
U043,28,7,15,1.92,1,0,1,10,-1.2575,-0.0045,-1.0251,0.9317,0.0,3.4694,-0.0179
U043,29,14,29,30.21,0,0,0,12,3.4145,1.742,0.2273,-0.6758,0.0,-0.3402,0.9689
U043,30,10,20,35.64,1,0,0,12,0.5641,0.5409,0.4607,0.9338,0.0,-0.3338,0.9371
U043,31,6,18,20.08,1,0,0,12,-1.7318,0.2851,-0.2382,0.9051,0.0,-0.3277,0.9082
U043,32,7,1,35.21,0,0,0,13,-1.0755,-1.792,0.503,-0.7421,0.0,-0.3277,1.4492
U043,33,8,36,32.72,1,0,0,11,-0.503,2.4153,0.3544,0.8482,0.0,-0.3277,0.3607
U043,34,9,31,29.97,0,0,0,10,0.0182,1.6495,0.2012,-0.794,0.0,-0.3277,-0.2061
U043,35,6,14,41.27,0,0,0,11,-1.6133,-0.2337,0.71,-0.7421,0.0,-0.3277,0.2945
U043,36,9,0,30.44,1,0,0,10,0.1062,-1.6683,0.1512,1.0653,0.0,-0.3277,-0.2621
U043,37,8,29,27.01,1,0,0,12,-0.4249,1.3893,-0.0549,0.9971,0.0,-0.3277,0.7743
U043,38,9,27,29.27,0,0,0,12,0.1062,1.1483,0.1087,-0.7625,0.0,-0.3277,0.7229
U043,39,9,7,42.53,1,0,0,8,0.1452,-0.8563,0.7494,1.0653,0.0,-0.3277,-1.4552
U043,40,7,24,34.77,2,0,0,11,-0.9642,0.7903,0.2931,2.7567,0.0,-0.3277,0.2318
U043,41,8,7,15.55,0,0,0,8,-0.3614,-0.9211,-0.716,-0.7421,0.0,-0.3277,-1.6471
U043,42,7,0,52.28,0,0,0,13,-0.8842,-1.546,1.1997,-0.7421,0.0,-0.3277,1.3667
U043,43,8,0,54.95,1,0,0,12,-0.3212,-1.449,1.3455,0.8482,0.0,-0.3277,0.7106
U043,44,9,13,39.31,0,0,0,13,0.1985,-0.1916,0.5817,-0.794,0.0,-0.3277,1.2887
U043,45,12,19,10.87,0,0,0,11,1.8571,0.3766,-0.9828,-0.7625,0.0,-0.3277,0.0197
U043,46,10,15,49.91,0,0,0,9,0.7253,-0.0435,1.1157,-0.7625,0.0,-0.2628,-1.1534
U043,47,8,12,97.24,1,0,0,14,-0.3691,-0.3232,3.5599,0.9971,0.0,-0.2628,1.8813
U043,48,12,25,29.78,0,0,0,14,1.7867,0.8912,-0.0842,-0.8168,0.0,-0.2628,1.8042
U043,49,10,31,9.38,1,0,0,13,0.7253,1.3945,-1.0174,0.9971,0.0,-0.2628,1.0992
U043,50,9,0,29.1,0,0,0,12,0.1582,-1.526,-0.1543,-0.8168,0.0,-0.2628,0.5834
U043,51,12,0,0.0,0,0,0,9,1.7294,-1.4457,-1.5528,-0.8168,0.0,-0.2628,-1.1873
U043,52,11,7,11.15,1,0,0,9,1.0881,-0.7632,-0.9969,0.9335,0.0,-0.2628,-1.1481
U043,53,8,25,0.0,1,0,0,7,-0.4421,0.9185,-1.5427,0.8736,0.0,-0.1826,-2.2773
U043,54,10,42,0.0,1,0,0,9,0.5636,2.4324,-1.5427,0.8736,0.0,-0.1826,-1.0119
U043,55,15,0,61.95,0,0,0,10,3.2056,-1.391,1.4877,-0.9335,0.0,-0.1826,-0.4885
U043,56,12,35,65.67,0,1,0,12,1.3072,1.5578,1.624,-0.8736,1.0,-0.1826,0.5484
U043,57,10,8,18.88,0,0,0,9,0.316,-0.6885,-0.5731,-0.8736,-0.1826,-0.1826,-1.0418
U043,58,8,3,21.93,1,0,1,12,-0.6011,-1.0477,-0.4263,0.8736,-0.1826,5.2946,0.5748
U043,59,9,15,36.24,0,0,0,11,-0.1675,-0.072,0.2046,-0.8736,-0.1826,-0.1826,0.0
U043,60,9,16,0.0,1,0,0,11,-0.0997,0.0419,-1.5134,0.8736,-0.1826,-0.1826,0.018
U044,1,6,20,14.76,0,0,1,3,0.0,0.0,0.0,0.0,0.0,0.0,0.0
U044,2,7,27,9.67,1,0,0,2,1.0,7.0,-5.09,1.0,0.0,-1.0,-1.0
U044,3,9,39,39.53,1,0,0,9,3.5355,3.1315,7.5892,0.7071,0.0,-0.7071,9.1924
U044,4,8,21,7.89,2,0,0,5,0.4364,-0.7979,-0.8407,2.3094,0.0,-0.5773,0.088
U044,5,8,20,29.15,0,1,1,0,0.3873,-0.773,0.7626,-1.2247,1.0,1.5,-1.5344
U044,6,7,30,28.27,2,0,0,5,-0.5262,0.5649,0.591,1.4343,-0.4472,-0.7303,0.3508
U044,7,8,35,10.85,0,0,0,0,0.4767,1.1745,-0.8455,-1.118,-0.4082,-0.6455,-1.291
U044,8,7,26,18.68,0,0,0,2,-0.5855,-0.1871,-0.1093,-0.9527,-0.378,-0.5855,-0.4454
U044,9,9,18,25.42,0,0,1,4,1.6202,-1.3054,0.4913,-0.8461,-0.3536,1.6202,0.249
U044,10,8,25,40.19,1,0,0,0,0.3333,-0.1672,1.8318,0.3849,-0.3333,-0.6667,-1.1785
U044,11,8,26,44.56,0,0,0,2,0.3162,-0.0145,1.8567,-0.8503,-0.3162,-0.6211,-0.3487
U044,12,8,35,37.69,0,0,0,0,0.3015,1.3604,1.0088,-0.7866,-0.3015,-0.5839,-1.0629
U044,13,8,22,22.14,1,0,1,6,0.2887,-0.7157,-0.261,0.5255,-0.2887,1.6583,1.2159
U044,14,9,34,55.64,0,1,1,7,1.4792,1.1416,2.416,-0.8013,3.3282,1.4412,1.4651
U044,15,8,28,35.38,0,1,0,8,0.1653,0.1502,0.5447,-0.7559,2.3604,-0.7182,1.6576
U044,16,10,38,26.48,0,0,0,8,2.5585,1.7032,-0.1065,-0.7176,-0.483,-0.6831,1.4673
U044,17,8,33,32.83,0,0,0,6,0.0,0.7746,0.3607,-0.6847,-0.4651,-0.6528,0.6954
U044,18,9,12,45.97,1,0,1,4,1.069,-2.4024,1.3368,0.7379,-0.4491,1.5029,0.019
U044,19,9,36,16.44,1,0,0,4,1.0073,1.1764,-0.9382,0.7071,-0.4346,-0.6872,0.0185
U044,20,9,41,38.31,0,0,0,3,0.9553,1.7652,0.7261,-0.7554,-0.4215,-0.6612,-0.325
U044,21,7,45,46.71,0,0,0,3,-1.2322,2.0994,1.3292,-0.7265,-0.4094,-0.6381,-0.3163
U044,22,10,22,31.53,3,0,0,2,2.0185,-0.8282,0.125,3.7135,-0.3984,-0.6172,-0.668
U044,23,10,24,28.58,3,0,0,1,1.8065,-0.5618,-0.1007,2.8207,-0.3882,-0.5983,-1.0113
U044,24,10,49,31.66,0,0,1,11,1.6502,2.4443,0.1396,-0.7142,-0.3788,1.6462,2.6813
U044,25,9,27,8.68,0,0,0,0,0.6115,-0.2633,-1.6794,-0.6922,-0.37,-0.6282,-1.2888
U044,26,6,27,24.73,2,0,1,5,-2.1944,-0.2578,-0.3322,1.4283,-0.3618,1.5712,0.386
U044,27,8,23,45.39,1,0,0,0,-0.2339,-0.7057,1.2813,0.3171,-0.3541,-0.6537,-1.2588
U044,28,7,50,17.84,2,0,0,5,-1.1146,2.4028,-0.8986,1.3598,-0.3469,-0.6368,0.42
U044,29,8,39,39.3,2,0,0,4,-0.189,0.9788,0.7872,1.2926,-0.3402,-0.6211,0.0823
U044,30,7,26,11.62,2,1,0,7,-1.0832,-0.4311,-1.3875,1.2346,2.8927,-0.6065,1.0863
U044,31,6,45,30.57,0,0,0,1,-1.9402,1.6195,0.1309,-0.8456,-0.3856,-0.5929,-0.9584
U044,32,8,34,5.75,0,0,0,5,-0.1492,0.3403,-1.8509,-0.8456,-0.3856,-0.5424,0.3956
U044,33,7,32,54.36,0,0,0,5,-1.0954,0.1054,1.931,-0.8028,-0.3856,-0.5424,0.3641
U044,34,8,57,19.4,0,1,0,5,-0.1206,2.799,-0.7575,-0.7619,2.5067,-0.5424,0.4293
U044,35,8,54,35.95,1,1,0,0,-0.1206,2.1321,0.4408,0.3037,2.1985,-0.5424,-1.3111
U044,36,9,28,14.67,0,0,1,11,0.7837,-0.471,-1.1865,-0.7481,-0.4397,1.9664,2.5177
U044,37,8,23,21.02,0,0,1,0,-0.1826,-0.9243,-0.6571,-0.6952,-0.4397,1.7822,-1.2566
U044,38,8,30,34.02,1,0,1,5,-0.1826,-0.2394,0.2865,0.3476,-0.4397,1.6304,0.3274
U044,39,9,19,55.55,2,0,1,6,0.7147,-1.2583,1.9082,1.3651,-0.4397,1.5018,0.6158
U044,40,7,18,14.86,1,0,1,6,-1.1498,-1.3583,-1.2332,0.2402,-0.4397,1.5018,0.5908
U044,41,9,44,32.91,1,0,0,5,0.7303,1.0263,0.1426,0.2402,-0.4397,-0.6952,0.2166
U044,42,9,28,23.28,1,0,2,9,0.6942,-0.4589,-0.5287,0.208,-0.4397,3.4761,1.4984
U044,43,7,30,38.83,0,0,0,4,-1.139,-0.2598,0.6402,-0.8773,-0.4397,-0.7102,-0.2413
U044,44,7,36,23.06,0,0,1,0,-1.0865,0.2518,-0.5503,-0.8322,-0.4397,1.139,-1.5389
U044,45,7,39,20.2,1,0,0,6,-1.017,0.5152,-0.7208,0.208,-0.3856,-0.6594,0.503
U044,46,7,17,27.97,1,0,0,5,-0.9715,-1.4943,-0.0806,0.1755,-0.3277,-0.6594,0.2072
U044,47,7,37,41.18,1,0,0,5,-0.9152,0.3536,0.9328,0.1423,-0.3277,-0.6594,0.2459
U044,48,9,22,25.65,0,0,1,6,0.8736,-0.9602,-0.2808,-0.9752,-0.3277,1.139,0.5953
U044,49,8,38,12.8,0,0,0,9,0.0,0.4171,-1.2405,-0.9248,-0.3277,-0.6594,1.5748
U044,50,9,31,15.23,0,0,0,10,0.9152,-0.2232,-1.0301,-0.8773,-0.3277,-0.6594,1.7825
U044,51,8,37,56.37,0,1,0,5,0.0295,0.3526,2.1973,-0.8773,2.9496,-0.6594,0.0923
U044,52,6,28,31.37,1,0,0,5,-1.7951,-0.4522,0.2405,0.1755,-0.3856,-0.6594,0.0721
U044,53,9,22,60.71,1,0,0,0,1.0248,-1.0432,2.3979,0.2718,-0.3856,-0.6594,-1.5247
U044,54,8,45,11.31,0,0,1,8,0.1583,1.1242,-1.2024,-0.9337,-0.3856,1.139,0.9778
U044,55,8,33,31.55,0,0,1,0,0.2402,0.0127,0.2017,-0.9337,-0.3856,1.139,-1.5347
U044,56,9,49,37.51,2,0,1,8,1.3412,1.5274,0.5608,1.734,-0.3856,1.0653,1.0591
U044,57,8,18,46.35,0,0,0,7,0.1826,-1.4686,1.1282,-0.9337,-0.3856,-0.7102,0.6897
U044,58,6,39,39.34,0,0,0,4,-2.0083,0.4893,0.6502,-0.8794,-0.3856,-0.7102,-0.3523
U044,59,10,32,50.33,0,0,2,1,2.2885,-0.1197,1.3503,-0.8288,-0.3856,2.8407,-1.3293
U044,60,7,16,21.43,0,0,0,6,-0.832,-1.6182,-0.6197,-0.7826,-0.3856,-0.7421,0.3421
U045,1,8,29,103.76,0,0,0,4,0.0,0.0,0.0,0.0,0.0,0.0,0.0
U045,2,11,27,87.07,0,0,0,6,3.0,-2.0,-16.69,0.0,0.0,0.0,2.0
U045,3,10,26,120.62,0,0,0,6,0.2357,-1.4142,2.1357,0.0,0.0,0.0,0.7071
U045,4,10,30,84.92,1,0,0,4,0.2182,1.7457,-1.1265,1.0,0.0,0.0,-1.1547
U045,5,7,40,56.42,0,0,0,5,-2.1855,6.5727,-2.5645,-0.5,0.0,0.0,0.0
U045,6,9,34,107.32,0,0,0,5,-0.1217,0.6435,0.701,-0.4472,0.0,0.0,0.0
U045,7,11,25,98.55,1,0,1,6,1.2455,-1.1504,0.2315,2.0412,0.0,1.0,1.118
U045,8,11,36,109.41,0,0,0,3,1.0394,1.1107,0.7437,-0.5855,0.0,-0.378,-2.3816
U045,9,10,11,79.4,0,0,0,5,0.249,-3.7477,-0.838,-0.5401,0.0,-0.3536,0.111
U045,10,11,50,113.54,1,0,0,4,0.9428,2.5776,1.0014,1.7638,0.0,-0.3333,-0.8433
U045,11,8,22,72.95,0,0,0,5,-1.2872,-0.8531,-1.203,-0.6211,0.0,-0.3162,0.1936
U045,12,9,22,99.04,0,0,0,6,-0.444,-0.789,0.258,-0.5839,0.0,-0.3015,1.2039
U045,13,6,18,87.81,0,0,0,6,-2.5986,-1.1403,-0.3534,-0.5528,0.0,-0.2887,1.0875
U045,14,11,35,114.94,1,0,0,6,1.0241,0.6524,1.169,1.7541,0.0,-0.2773,1.0
U045,15,9,33,56.08,0,0,1,7,-0.2596,0.4161,-2.1639,-0.6094,0.0,3.4744,1.9339
U045,16,6,26,105.76,0,0,0,7,-2.1321,-0.3373,0.6407,-0.5826,0.0,-0.3789,1.6631
U045,17,9,19,105.45,1,0,1,4,-0.1066,-1.0868,0.5977,1.677,0.0,2.5617,-1.153
U045,18,9,43,107.5,1,0,0,5,-0.1035,1.5799,0.6802,1.5029,0.0,-0.4491,-0.2051
U045,19,9,36,125.22,1,0,0,6,-0.1008,0.7064,1.5818,1.3744,0.0,-0.4346,0.6979
U045,20,8,15,88.82,0,0,0,7,-0.7202,-1.5422,-0.3939,-0.7434,0.0,-0.4215,1.5824
U045,21,12,21,73.87,0,0,0,5,1.8284,-0.8042,-1.1555,-0.7152,0.0,-0.4094,-0.3079
U045,22,10,43,82.31,1,0,0,6,0.4561,1.5023,-0.6598,1.3801,0.0,-0.3984,0.6003
U045,23,10,17,84.72,0,0,0,7,0.4439,-1.2222,-0.5133,-0.7385,0.0,-0.3882,1.497
U045,24,10,15,98.09,1,0,0,6,0.4327,-1.3573,0.2086,1.3392,0.0,-0.3788,0.5042
U045,25,9,31,115.66,0,1,0,3,-0.2111,0.2903,1.1549,-0.7583,1.0,-0.37,-2.2297
U045,26,7,39,103.57,0,0,0,7,-1.4996,1.0846,0.4519,-0.7348,-0.2,-0.3618,1.3828
U045,27,8,24,73.04,0,0,0,4,-0.7777,-0.4567,-1.2277,-0.7135,-0.1961,-0.3541,-1.1802
U045,28,11,29,89.82,0,0,0,4,1.1561,0.0601,-0.2624,-0.6939,-0.1924,-0.3469,-1.1291
U045,29,10,40,97.37,0,0,0,5,0.4752,1.1952,0.159,-0.6758,-0.189,-0.3402,-0.2637
U045,30,10,47,101.51,0,0,0,7,0.4654,1.8644,0.3888,-0.6592,-0.1857,-0.3338,1.41
U045,31,9,30,71.33,0,0,0,7,-0.1955,0.0559,-1.339,-0.6436,-0.1826,-0.3277,1.3419
U045,32,8,29,102.26,1,0,0,6,-0.8794,-0.046,0.4744,1.5018,-0.1826,-0.3277,0.4356
U045,33,10,23,64.57,1,0,0,4,0.5107,-0.6452,-1.6499,1.3904,-0.1826,-0.3277,-1.198
U045,34,10,27,90.93,0,0,1,6,0.5107,-0.2391,-0.08,-0.7481,-0.1826,2.9496,0.4806
U045,35,8,14,72.6,0,0,0,5,-0.8215,-1.5054,-1.1091,-0.6952,-0.1826,-0.3856,-0.3812
U045,36,9,28,107.63,0,0,0,6,-0.1826,-0.0451,0.8484,-0.6952,-0.1826,-0.3856,0.4356
U045,37,7,17,65.22,0,0,1,6,-1.5519,-1.094,-1.6301,-0.6952,-0.1826,2.5067,0.4082
U045,38,9,15,87.08,0,0,0,7,-0.0901,-1.2395,-0.2769,-0.6436,-0.1826,-0.3856,1.2247
U045,39,9,7,81.32,0,0,0,4,-0.0464,-1.9087,-0.5675,-0.6436,-0.1826,-0.3856,-1.4091
U045,40,10,31,73.36,0,0,0,6,0.6779,0.3527,-1.0275,-0.6436,-0.1826,-0.3856,0.3356
U045,41,10,20,82.67,0,0,0,6,0.7196,-0.6525,-0.4241,-0.5929,-0.1826,-0.3856,0.2887
U045,42,9,34,90.51,1,0,0,5,-0.048,0.7495,0.0113,1.6304,-0.1826,-0.3856,-0.6091
U045,43,9,24,79.6,0,0,0,6,-0.048,-0.2837,-0.6156,-0.6436,-0.1826,-0.3856,0.2887
U045,44,12,28,88.18,1,0,2,5,2.2456,0.0935,-0.0927,1.5018,-0.1826,5.3989,-0.5773
U045,45,11,19,84.8,1,0,0,5,1.36,-0.7935,-0.2484,1.5018,-0.1826,-0.413,-0.5464
U045,46,11,35,86.59,0,0,0,5,1.2718,0.8719,-0.213,-0.6952,-0.1826,-0.3614,-0.4992
U045,47,11,39,80.76,0,0,0,5,1.2526,1.2302,-0.5657,-0.6952,-0.1826,-0.3614,-0.4519
U045,48,10,33,79.03,1,0,0,6,0.3907,0.5576,-0.6372,1.5018,-0.1826,-0.3071,0.4344
U045,49,10,31,60.56,0,0,0,6,0.3648,0.4087,-1.8803,-0.6436,-0.1826,-0.3071,0.404
U045,50,10,28,100.79,0,0,0,4,0.3391,0.1206,1.1748,-0.5929,-0.1826,-0.3071,-1.4606
U045,51,10,35,86.43,0,0,0,5,0.2945,0.8218,0.0571,-0.5929,-0.1826,-0.3071,-0.4344
U045,52,9,28,95.23,0,0,0,4,-0.4864,0.0283,0.687,-0.5929,-0.1826,-0.3071,-1.3653
U045,53,8,43,115.89,0,0,0,5,-1.3144,1.7547,2.1916,-0.5424,-0.1826,-0.3071,-0.3631
U045,54,11,32,118.58,1,0,0,7,1.2823,0.4232,2.1503,1.7822,-0.1826,-0.3071,1.5703
U045,55,8,28,74.6,1,0,0,4,-1.2247,-0.0749,-0.885,1.7822,-0.1826,-0.3071,-1.2446
U045,56,9,22,89.75,0,0,0,6,-0.3727,-0.7387,0.1967,-0.5929,0.0,-0.3071,0.5785
U045,57,7,4,73.42,0,0,0,6,-2.1716,-2.7455,-0.9041,-0.5929,0.0,-0.3071,0.6337
U045,58,11,31,103.84,0,0,0,6,1.2247,0.3757,1.2148,-0.5929,0.0,-0.3071,0.5833
U045,59,12,32,107.94,0,0,0,7,2.0412,0.4704,1.4341,-0.5929,0.0,-0.3071,1.5996
U045,60,8,24,110.11,1,0,0,4,-1.2008,-0.3288,1.5184,1.6304,0.0,-0.3071,-1.6127
U046,1,7,17,96.98,0,0,0,6,0.0,0.0,0.0,0.0,0.0,0.0,0.0
U046,2,7,26,98.35,2,0,0,0,0.0,9.0,1.37,2.0,0.0,0.0,-6.0
U046,3,7,5,97.41,2,0,0,6,0.0,-2.5927,-0.2632,0.7071,0.0,0.0,0.7071
U046,4,9,14,96.48,1,0,0,8,2.0,-0.1898,-1.57,-0.2887,0.0,0.0,1.1547
U046,5,7,25,109.23,2,0,0,7,-0.5,1.097,15.0269,0.7833,0.0,0.0,0.5774
U046,6,8,27,115.25,2,0,0,2,0.6708,1.1137,2.8937,0.6708,0.0,0.0,-1.0861
U046,7,7,33,90.55,1,0,0,10,-0.5976,1.6187,-1.4726,-0.5976,0.0,0.0,1.6532
U046,8,8,25,130.82,0,0,0,4,0.7263,0.4209,3.5466,-1.8157,0.0,0.0,-0.4545
U046,9,7,15,123.18,1,0,0,2,-0.6614,-0.7293,1.4156,-0.282,0.0,0.0,-1.0389
U046,10,8,20,117.02,2,0,1,2,0.7647,-0.0903,0.7582,0.9333,0.0,1.0,-0.9258
U046,11,7,25,107.31,1,0,0,0,-0.7071,0.5292,-0.016,-0.3644,0.0,-0.3162,-1.4692
U046,12,7,46,57.96,0,0,0,2,-0.6611,3.1869,-3.8592,-1.6187,0.0,-0.3015,-0.6786
U046,13,7,28,99.29,0,0,0,2,-0.6232,0.4667,-0.2172,-1.3975,0.0,-0.2887,-0.639
U046,14,7,32,132.39,1,0,0,4,-0.5913,0.8457,1.6238,-0.0892,0.0,-0.2773,0.0242
U046,15,8,0,97.41,2,0,0,5,1.0151,-2.4448,-0.407,1.1205,0.0,-0.2673,0.3513
U046,16,7,28,93.42,0,0,0,7,-0.6325,0.4806,-0.608,-1.3592,0.0,-0.2582,1.0163
U046,17,7,9,107.73,0,0,0,2,-0.6057,-1.2529,0.2099,-1.2443,0.0,-0.25,-0.7418
U046,18,8,22,81.38,1,0,0,5,1.0672,-0.0052,-1.3019,0.0,0.0,-0.2425,0.3241
U046,19,8,38,62.23,1,0,0,5,1.0056,1.4624,-2.2838,0.0,0.0,-0.2357,0.3145
U046,20,8,30,94.07,3,0,0,1,0.9538,0.6339,-0.3401,2.4495,0.0,-0.2294,-1.1466
U046,21,8,3,142.5,0,0,0,4,0.9094,-1.8366,2.1922,-1.2063,0.0,-0.2236,0.0
U046,22,7,15,79.3,3,0,0,10,-0.7916,-0.627,-1.1097,2.1206,0.0,-0.2182,2.2207
U046,23,7,22,84.79,0,0,1,6,-0.7629,0.004,-0.7925,-1.1476,0.0,4.4772,0.5894
U046,24,8,43,113.89,1,0,0,0,0.9584,1.8819,0.6383,-0.0873,0.0,-0.3018,-1.5066
U046,25,7,17,106.86,1,0,0,8,-0.7792,-0.4965,0.2764,-0.0855,0.0,-0.2952,1.2956
U046,26,8,30,106.4,3,0,0,5,0.9604,0.6401,0.2476,2.0127,0.0,-0.2889,0.227
U046,27,8,54,98.15,2,0,0,3,0.9255,2.7245,-0.1765,0.8397,0.0,-0.2831,-0.4581
U046,28,7,9,80.45,1,0,0,1,-0.8304,-1.1841,-1.0899,-0.1849,0.0,-0.2776,-1.1393
U046,29,6,15,101.92,0,1,0,9,-2.5413,-0.665,0.0608,-1.1986,1.0,-0.2724,1.6588
U046,30,7,21,79.63,1,0,0,6,-0.6592,-0.1745,-1.1126,-0.1393,-0.1857,-0.2674,0.5533
U046,31,7,22,99.26,2,0,1,8,-0.6436,-0.0911,-0.0429,0.8905,-0.1826,3.6788,1.2183
U046,32,6,20,80.19,2,0,0,7,-2.2528,-0.2665,-1.0469,0.8322,-0.1826,-0.3277,0.8405
U046,33,7,3,90.48,0,0,0,0,-0.5483,-1.6225,-0.4671,-1.2483,-0.1826,-0.3277,-1.6062
U046,34,8,22,63.44,1,0,0,5,0.9471,-0.0827,-1.8417,-0.137,-0.1826,-0.3277,0.1646
U046,35,7,25,109.97,2,0,0,4,-0.5496,0.1373,0.5719,0.8905,-0.1826,-0.3277,-0.1348
U046,36,10,15,80.93,1,0,0,4,4.397,-0.6705,-0.8418,-0.137,-0.1826,-0.3277,-0.1025
U046,37,7,21,96.74,1,0,0,5,-0.5194,-0.1526,-0.0174,-0.1042,-0.1826,-0.3277,0.2188
U046,38,9,11,87.83,0,0,1,2,2.0776,-0.9345,-0.462,-1.1464,-0.1826,2.9496,-0.816
U046,39,8,33,43.56,2,0,0,6,0.6934,0.8793,-2.6741,0.938,-0.1826,-0.3856,0.6848
U046,40,8,9,84.22,2,0,0,7,0.651,-1.0859,-0.427,0.8905,-0.1826,-0.3856,1.0065
U046,41,7,37,89.25,1,0,1,6,-0.5696,1.1517,-0.1392,-0.137,-0.1826,2.9496,0.5749
U046,42,8,17,85.24,1,0,0,4,0.651,-0.4337,-0.3072,-0.137,-0.1826,-0.3856,-0.243
U046,43,9,38,92.11,0,0,0,6,1.8292,1.3218,-0.0165,-1.2282,-0.1826,-0.3856,0.5075
U046,44,8,35,110.19,2,0,1,6,0.5048,1.0259,0.9258,0.8773,-0.1826,2.5067,0.463
U046,45,8,41,93.92,2,0,0,9,0.4678,1.4818,0.1353,0.8322,-0.1826,-0.4397,1.6246
U046,46,8,41,86.88,1,0,0,4,0.4678,1.4031,-0.2446,-0.208,-0.1826,-0.4397,-0.3925
U046,47,8,6,65.4,1,0,0,6,0.4312,-1.3951,-1.4107,-0.2495,-0.1826,-0.4397,0.4084
U046,48,9,13,58.29,1,1,1,2,1.5794,-0.8343,-1.6949,-0.2939,5.2946,2.1985,-1.1985
U046,49,7,12,114.8,1,0,1,6,-0.7983,-0.8782,1.3363,-0.2939,-0.2628,1.9664,0.3945
U046,50,9,1,120.4,1,0,0,4,1.5081,-1.6664,1.5449,-0.2939,-0.2628,-0.5424,-0.3808
U046,51,8,8,63.33,1,0,1,5,0.3277,-1.0143,-1.4134,-0.2362,-0.2628,1.7822,-0.0396
U046,52,8,18,122.64,3,0,0,1,0.3277,-0.2908,1.8559,2.1619,-0.2628,-0.5929,-1.6433
U046,53,7,10,103.13,1,0,1,5,-0.8084,-0.9028,0.6689,-0.2855,-0.2628,1.6304,0.068
U046,54,9,7,76.87,4,0,0,5,1.3963,-1.0843,-0.7358,3.4823,-0.2628,-0.5929,0.0819
U046,55,7,23,111.98,2,0,0,5,-0.8197,0.2017,1.1796,0.6826,-0.2628,-0.5929,0.0147
U046,56,7,35,96.16,1,1,0,2,-0.8197,1.1062,0.3279,-0.4291,3.6788,-0.5929,-1.3072
U046,57,7,8,58.08,0,0,0,6,-0.7765,-0.9644,-1.6743,-1.5081,-0.3277,-0.5929,0.5471
U046,58,8,20,125.86,1,1,0,7,0.315,0.0678,1.9203,-0.2939,2.9496,-0.5929,0.9525
U046,59,7,24,113.57,0,0,0,4,-0.7765,0.3807,1.1509,-1.3963,-0.3856,-0.5929,-0.4965
U046,60,8,26,81.95,0,0,0,9,0.2599,0.5269,-0.3896,-1.3963,-0.3277,-0.5929,2.0265
U047,1,14,30,70.05,0,0,1,11,0.0,0.0,0.0,0.0,0.0,0.0,0.0
U047,2,10,38,81.68,0,0,0,9,-4.0,8.0,11.63,0.0,0.0,-1.0,-2.0
U047,3,10,35,128.87,0,0,0,12,-0.7071,0.1768,6.4454,0.0,0.0,-0.7071,1.4142
U047,4,14,27,132.16,0,0,0,11,1.1547,-1.8145,1.24,0.0,0.0,-0.5773,0.2182
U047,5,6,41,101.77,1,0,0,11,-2.5981,1.7231,-0.0445,1.0,0.0,-0.5,0.1987
U047,6,12,35,30.7,0,0,1,11,0.3586,0.1399,-2.6101,-0.4472,0.0,1.7889,0.1826
U047,7,6,43,81.32,0,0,0,8,-1.6485,1.691,-0.2482,-0.4082,0.0,-0.6455,-2.8818
U047,8,8,47,105.02,2,0,0,7,-0.6818,2.001,0.4392,4.9135,0.0,-0.5855,-2.4538
U047,9,11,42,95.59,1,0,1,11,0.3118,0.7513,0.125,0.84,0.0,1.6202,0.5641
U047,10,10,35,173.8,1,0,0,9,-0.0368,-0.3966,2.6379,0.7647,0.0,-0.6667,-0.6569
U047,11,8,27,106.51,0,0,1,9,-0.7379,-1.6805,0.1641,-0.7071,0.0,1.4491,-0.6124
U047,12,6,46,94.63,0,0,0,9,-1.4096,1.4618,-0.1629,-0.6611,0.0,-0.7207,-0.576
U047,13,12,31,118.24,2,0,0,12,0.8406,-0.8972,0.5097,2.3683,0.0,-0.677,1.4184
U047,14,10,46,75.65,0,0,0,8,0.0815,1.3689,-0.7555,-0.6937,0.0,-0.6405,-1.2649
U047,15,10,41,90.51,2,0,0,11,0.0787,0.5211,-0.2733,1.9748,0.0,-0.6094,0.7097
U047,16,9,29,97.76,0,0,0,10,-0.3049,-1.2645,-0.0412,-0.7246,0.0,-0.5826,0.0422
U047,17,11,27,91.73,1,0,0,13,0.4916,-1.4555,-0.2318,0.5375,0.0,-0.559,2.0067
U047,18,11,23,136.17,0,0,0,8,0.4742,-1.8906,1.2327,-0.7397,0.0,-0.5381,-1.2804
U047,19,14,22,72.44,1,0,0,12,1.6969,-1.804,-0.9145,0.567,0.0,-0.5195,1.1902
U047,20,7,34,68.26,0,0,0,11,-1.2243,-0.1245,-1.0076,-0.7533,0.0,-0.5026,0.5275
U047,21,10,32,84.27,1,0,0,6,0.0195,-0.3771,-0.4361,0.5928,0.0,-0.4873,-2.4954
U047,22,7,28,56.91,1,0,0,13,-1.1812,-0.8898,-1.335,0.5742,0.0,-0.4734,1.6413
U047,23,8,30,108.69,0,0,0,5,-0.7217,-0.5915,0.4424,-0.8049,0.0,-0.4606,-2.6446
U047,24,9,39,126.47,1,0,0,8,-0.2968,0.6268,1.0246,0.5974,0.0,-0.4487,-0.8657
U047,25,10,39,117.29,1,0,0,13,0.1195,0.6089,0.6754,0.5809,0.0,-0.4378,1.4948
U047,26,9,30,98.47,1,0,0,10,-0.3013,-0.642,0.0206,0.5657,0.0,-0.4276,0.0364
U047,27,9,45,108.03,0,0,0,11,-0.2952,1.4581,0.3497,-0.8826,0.0,-0.4181,0.5003
U047,28,10,39,123.2,0,0,1,6,0.1447,0.5597,0.8746,-0.854,0.0,2.3531,-1.8685
U047,29,11,46,112.48,0,0,0,9,0.5843,1.5124,0.4697,-0.8281,0.0,-0.4578,-0.3714
U047,30,9,32,125.19,1,0,0,10,-0.3241,-0.4611,0.9143,0.6536,0.0,-0.4485,0.095
U047,31,6,42,123.15,1,0,0,13,-1.6822,0.9175,0.8136,0.6383,0.0,-0.4397,1.4954
U047,32,11,33,78.67,1,0,0,10,0.7306,-0.3683,-0.8546,0.5929,0.0,-0.3856,0.0604
U047,33,13,29,74.46,0,0,0,9,1.6348,-0.8909,-1.0006,-0.9471,0.0,-0.3856,-0.4086
U047,34,10,36,110.84,0,1,0,11,0.1922,0.0897,0.3809,-0.9471,1.0,-0.3856,0.5525
U047,35,10,27,166.49,1,0,1,12,0.2704,-1.189,2.473,0.5483,-0.1826,2.5067,1.0129
U047,36,7,29,104.28,1,0,0,7,-1.2869,-0.8386,0.0848,0.5483,-0.1826,-0.4397,-1.2888
U047,37,11,34,45.53,0,0,0,11,0.8028,-0.1299,-2.2173,-1.0087,-0.1826,-0.3856,0.5788
U047,38,9,35,116.75,0,0,0,6,-0.2973,0.0458,0.4853,-1.0087,-0.1826,-0.3856,-1.7006
U047,39,9,35,136.53,1,0,1,11,-0.3181,0.1062,1.1664,0.6436,-0.1826,2.5067,0.5398
U047,40,6,33,129.05,1,0,0,20,-1.889,-0.1531,0.8375,0.6436,-0.1826,-0.3856,4.4792
U047,41,14,29,90.06,0,0,0,7,2.3283,-0.7359,-0.5023,-0.9655,-0.1826,-0.3856,-1.0641
U047,42,7,41,100.24,0,0,0,11,-1.2224,1.0417,-0.0946,-0.9655,-0.1826,-0.3277,0.3118
U047,43,8,43,100.13,1,0,0,11,-0.7868,1.419,-0.106,0.6436,-0.1826,-0.3277,0.2897
U047,44,11,45,86.35,0,0,0,8,0.7328,1.6207,-0.6087,-0.9971,-0.1826,-0.3277,-0.7058
U047,45,8,30,67.27,2,0,1,10,-0.7431,-0.645,-1.3652,2.522,-0.1826,2.9496,-0.0336
U047,46,7,31,135.62,0,1,2,13,-1.1859,-0.4424,1.2651,-0.9971,5.2946,5.3989,0.9875
U047,47,8,52,86.13,0,0,0,10,-0.6582,2.8064,-0.6233,-0.9971,-0.2628,-0.413,-0.0552
U047,48,11,37,84.54,1,0,0,9,0.802,0.3148,-0.6722,0.8168,-0.2628,-0.413,-0.3591
U047,49,7,23,107.26,0,0,1,13,-1.0851,-1.8137,0.2231,-0.9971,-0.2628,1.6521,0.9824
U047,50,9,27,103.39,0,1,0,9,-0.0339,-1.2376,0.0368,-0.9335,3.6788,-0.463,-0.3804
U047,51,9,40,42.92,0,0,0,12,-0.0693,0.7255,-2.3744,-0.9335,-0.3277,-0.463,0.6483
U047,52,6,32,87.46,0,1,0,8,-1.6161,-0.4797,-0.5334,-0.8736,2.9496,-0.463,-0.7816
U047,53,10,40,104.16,0,0,0,10,0.4752,0.6745,0.0351,-0.8168,-0.3856,-0.463,-0.0347
U047,54,12,42,105.78,0,0,1,9,1.4622,0.9248,0.1021,-0.8168,-0.3856,1.5211,-0.4664
U047,55,8,35,82.7,0,0,0,11,-0.6079,-0.1272,-0.7548,-0.7625,-0.3856,-0.512,0.2599
U047,56,10,33,106.48,0,0,0,10,0.4094,-0.4027,0.2003,-0.7102,-0.3856,-0.512,-0.0881
U047,57,12,28,95.06,0,0,0,7,1.3719,-1.1654,-0.2462,-0.6594,-0.3856,-0.512,-1.221
U047,58,10,48,96.17,0,0,0,11,0.3328,1.9182,-0.1873,-0.6594,-0.3856,-0.512,0.3323
U047,59,10,31,134.25,1,0,0,9,0.3328,-0.6518,1.3182,1.139,-0.3856,-0.463,-0.4874
U047,60,12,41,93.98,2,0,0,7,1.312,0.8768,-0.2609,2.8407,-0.3856,-0.463,-1.257
U048,1,9,7,82.85,0,0,0,10,0.0,0.0,0.0,0.0,0.0,0.0,0.0
U048,2,7,26,49.03,0,0,1,15,-2.0,19.0,-33.82,0.0,0.0,1.0,5.0
U048,3,8,26,94.29,0,0,0,3,0.0,0.7071,1.1855,0.0,0.0,-0.7071,-2.687
U048,4,10,24,34.19,0,0,0,7,2.0,0.395,-1.7506,0.0,0.0,-0.5773,-0.3871
U048,5,9,12,59.46,0,0,0,7,0.3873,-0.9495,-0.1999,0.0,0.0,-0.5,-0.346
U048,6,8,24,73.31,3,0,0,10,-0.5262,0.5625,0.3811,3.0,0.0,-0.4472,0.3596
U048,7,9,18,93.6,0,0,0,16,0.4767,-0.2234,1.261,-0.4082,0.0,-0.4082,1.8182
U048,8,10,24,110.51,1,0,0,9,1.4638,0.5885,1.7871,0.504,0.0,-0.378,-0.155
U048,9,8,44,72.79,2,1,0,6,-0.7246,3.3438,-0.0726,1.4031,1.0,-0.3536,-0.8481
U048,10,9,33,130.18,0,0,1,10,0.3333,0.9839,2.3174,-0.5963,-0.3333,2.6667,0.1862
U048,11,9,44,65.23,2,0,0,10,0.3162,1.9583,-0.515,1.3024,-0.3162,-0.4743,0.1774
U048,12,8,25,56.2,0,0,0,9,-0.804,-0.0552,-0.8142,-0.6589,-0.3015,-0.4495,-0.097
U048,13,8,31,84.3,0,0,0,11,-0.7511,0.4928,0.2765,-0.6213,-0.2887,-0.4282,0.4661
U048,14,9,26,77.92,0,0,0,12,0.4422,0.0,0.0207,-0.5895,-0.2773,-0.4097,0.7348
U048,15,8,8,66.14,0,0,0,7,-0.7636,-1.7624,-0.4508,-0.5622,-0.2673,-0.3934,-0.7801
U048,16,9,21,59.99,0,0,0,15,0.483,-0.3491,-0.6868,-0.5385,-0.2582,-0.3789,1.6591
U048,17,10,0,126.32,0,0,0,9,1.7055,-2.3265,2.1276,-0.5175,-0.25,-0.366,-0.2317
U048,18,9,27,120.66,0,0,0,12,0.3465,0.3281,1.6086,-0.4989,-0.2425,-0.3542,0.6573
U048,19,6,30,137.08,1,0,1,4,-3.2939,0.579,2.0616,0.6027,-0.2357,2.7487,-1.7625
U048,20,8,17,76.38,0,0,0,8,-0.569,-0.5918,-0.2554,-0.5235,-0.2294,-0.4215,-0.449
U048,21,9,40,64.03,0,0,0,6,0.4506,1.5008,-0.6793,-0.5073,-0.2236,-0.4094,-1.0171
U048,22,8,24,33.37,0,0,0,3,-0.5841,-0.0125,-1.74,-0.4925,-0.2182,-0.3984,-1.8411
U048,23,11,18,90.37,0,0,0,5,2.5502,-0.5512,0.3391,-0.479,-0.2132,-0.3882,-1.118
U048,24,7,51,110.55,2,0,0,10,-1.5432,2.4773,1.0286,1.9179,-0.2085,-0.3788,0.311
U048,25,9,22,74.65,0,0,0,8,0.3788,-0.2488,-0.255,-0.5187,-0.2041,-0.37,-0.2573
U048,26,9,44,27.2,0,0,0,7,0.3703,1.6177,-1.9223,-0.5058,-0.2,-0.3618,-0.5384
U048,27,10,44,44.77,0,0,0,8,1.3048,1.5104,-1.1707,-0.4939,-0.1961,-0.3541,-0.2347
U048,28,8,24,44.61,0,0,0,11,-0.6206,-0.1845,-1.1259,-0.4827,-0.1924,-0.3469,0.6579
U048,29,10,39,44.56,0,0,0,11,1.2784,1.0459,-1.0829,-0.4723,-0.189,-0.3402,0.6413
U048,30,8,32,69.08,1,0,1,13,-0.643,0.4368,-0.2301,0.7569,-0.1857,2.8927,1.2311
U048,31,10,41,65.17,0,0,0,10,1.2563,1.1744,-0.3579,-0.4916,-0.1826,-0.3856,0.2802
U048,32,10,6,114.84,1,0,0,9,1.1953,-1.873,1.3351,0.7374,-0.1826,-0.3856,-0.02
U048,33,8,23,84.15,0,0,0,7,-0.7522,-0.347,0.2244,-0.5303,-0.1826,-0.3277,-0.595
U048,34,8,21,89.73,1,0,0,9,-0.7522,-0.4993,0.4228,0.6934,-0.1826,-0.3277,0.0
U048,35,10,18,140.96,1,0,0,1,1.2083,-0.7306,2.1443,0.651,-0.1826,-0.3277,-2.7481
U048,36,10,36,70.09,0,0,0,7,1.1498,0.7102,-0.3742,-0.6097,-0.1826,-0.3277,-0.5714
U048,37,10,16,34.42,1,0,0,7,1.0748,-0.9485,-1.5265,0.8893,-0.1826,-0.3277,-0.5392
U048,38,11,24,80.86,0,0,0,3,1.9291,-0.2931,0.0413,-0.6383,-0.1826,-0.3277,-1.8276
U048,39,10,30,36.67,0,0,0,10,0.9522,0.1909,-1.3344,-0.5929,-0.1826,-0.3277,0.5502
U048,40,10,8,43.2,0,0,0,8,0.8914,-1.5953,-1.0574,-0.5496,0.0,-0.3277,-0.1276
U048,41,12,12,75.5,0,1,0,7,2.5544,-1.1508,0.0336,-0.5496,1.0,-0.2628,-0.4271
U048,42,9,19,70.9,0,0,0,13,-0.0772,-0.5112,-0.1246,-0.512,-0.1826,-0.2628,1.5303
U048,43,8,35,69.45,0,1,0,5,-0.8859,0.8068,-0.1879,-0.512,5.2946,-0.2628,-1.0416
U048,44,10,33,35.3,0,0,0,12,0.6774,0.629,-1.2733,-0.512,-0.2628,-0.2628,1.1798
U048,45,8,24,119.94,0,0,0,12,-0.9053,-0.1148,1.4632,-0.512,-0.2628,-0.2628,1.1798
U048,46,11,17,79.62,0,0,0,13,1.4225,-0.7445,0.1355,-0.512,-0.2628,-0.2628,1.4078
U048,47,8,8,92.73,0,0,0,7,-0.9267,-1.471,0.5159,-0.512,-0.2628,-0.2628,-0.3966
U048,48,8,18,57.12,2,0,0,11,-0.8699,-0.6975,-0.557,3.328,-0.2628,-0.2628,0.8752
U048,49,9,20,104.3,2,0,0,10,-0.0982,-0.4955,1.0409,2.7481,-0.2628,-0.2628,0.5796
U048,50,9,25,24.84,1,0,0,12,-0.1908,-0.0398,-1.63,0.9471,-0.2628,-0.1826,1.18
U048,51,7,21,96.8,1,0,0,8,-1.8865,-0.4075,0.9062,0.8893,-0.2628,-0.1826,-0.1588
U048,52,10,16,48.0,0,0,1,10,0.6297,-0.8036,-0.7566,-0.6383,-0.2628,5.2946,0.4602
U048,53,9,35,67.02,0,0,0,3,-0.212,0.8884,-0.1457,-0.6383,-0.2628,-0.2628,-1.9723
U048,54,10,17,87.61,0,0,0,6,0.6585,-0.7295,0.5779,-0.6383,-0.2628,-0.2628,-0.896
U048,55,10,24,98.71,0,0,0,12,0.6091,-0.0253,1.007,-0.5963,-0.2628,-0.2628,1.1037
U048,56,8,8,76.67,0,0,0,12,-1.1547,-1.5509,0.2079,-0.5963,-0.2628,-0.2628,1.0405
U048,57,10,27,62.31,2,0,0,5,0.5938,0.3768,-0.355,2.656,-0.2628,-0.2628,-1.2276
U048,58,9,19,43.26,0,0,0,2,-0.2545,-0.375,-1.0717,-0.6383,-0.2628,-0.2628,-2.0906
U048,59,9,16,74.54,1,0,0,6,-0.2887,-0.6716,0.0632,0.8347,-0.2628,-0.2628,-0.7243
U048,60,9,21,115.42,0,0,0,9,-0.261,-0.0699,1.5343,-0.6848,-0.2628,-0.2628,0.1934
U049,1,8,29,71.65,1,0,0,11,0.0,0.0,0.0,0.0,0.0,0.0,0.0
U049,2,9,45,85.44,2,0,0,8,1.0,16.0,13.79,1.0,0.0,0.0,-3.0
U049,3,14,40,73.37,0,0,0,8,7.7782,0.2652,-0.5307,-2.1213,0.0,0.0,-0.7071
U049,4,11,38,60.4,0,0,0,3,0.2074,0.0,-2.1851,-1.0,0.0,0.0,-3.4641
U049,5,9,19,71.12,2,0,0,7,-0.5669,-2.8429,-0.1556,1.3056,0.0,0.0,-0.1508
U049,6,9,10,69.56,1,0,0,4,-0.5026,-2.3538,-0.3185,0.0,0.0,0.0,-1.1802
U049,7,8,19,48.5,1,0,0,10,-0.9129,-0.8273,-2.9103,0.0,0.0,0.0,1.0819
U049,8,8,27,61.71,0,0,0,6,-0.8018,-0.1207,-0.5969,-1.2247,0.0,0.0,-0.4392
U049,9,8,23,74.34,3,0,1,5,-0.7246,-0.4453,0.6061,2.5464,0.0,1.0,-0.7732
U049,10,9,3,58.67,2,0,0,11,-0.1667,-2.1674,-0.9359,0.8433,0.0,-0.3333,1.5417
U049,11,14,26,64.33,1,0,0,4,2.4887,0.0525,-0.3045,-0.1936,0.0,-0.3162,-1.1659
U049,12,8,34,60.92,0,0,0,6,-0.7561,0.6831,-0.6368,-1.2039,0.0,-0.3015,-0.3492
U049,13,10,28,79.95,0,0,0,4,0.1865,0.1557,1.3892,-1.0875,0.0,-0.2887,-1.0623
U049,14,10,18,86.17,0,0,1,9,0.1795,-0.6976,1.8729,-1.0,0.0,3.3282,0.8391
U049,15,11,34,92.85,1,0,0,6,0.6585,0.7238,2.2302,0.0716,0.0,-0.3934,-0.3159
U049,16,8,24,49.47,0,1,0,8,-0.8595,-0.1941,-1.7607,-0.9711,1.0,-0.3789,0.4573
U049,17,10,35,71.24,0,0,0,7,0.1879,0.8152,0.154,-0.9139,-0.25,-0.366,0.049
U049,18,11,28,63.54,1,0,0,8,0.6993,0.1303,-0.4742,0.1856,-0.2425,-0.3542,0.4521
U049,19,9,17,77.83,1,0,0,7,-0.3794,-0.9192,0.7268,0.1805,-0.2357,-0.3436,0.023
U049,20,10,21,83.5,0,0,0,11,0.17,-0.4932,1.1753,-0.9374,-0.2294,-0.3338,1.7285
U049,21,10,28,59.29,0,0,0,4,0.1658,0.205,-0.9127,-0.8944,-0.2236,-0.3249,-1.2829
U049,22,9,22,62.14,0,0,0,5,-0.4048,-0.4002,-0.6347,-0.857,-0.2182,-0.3166,-0.8032
U049,23,9,26,57.21,3,0,0,11,-0.3944,0.0186,-1.0347,2.5746,-0.2132,-0.309,1.6582
U049,24,7,25,72.31,1,0,0,7,-1.5646,-0.0864,0.2957,0.1767,-0.2085,-0.3018,-0.034
U049,25,13,29,93.97,0,0,0,10,1.9829,0.3429,2.1701,-0.8653,-0.2041,-0.2952,1.1663
U049,26,12,22,57.41,0,0,0,6,1.2594,-0.4269,-1.0193,-0.8356,-0.2,-0.2889,-0.4768
U049,27,13,23,83.85,3,0,0,7,1.7357,-0.3067,1.164,2.3454,-0.1961,-0.2831,-0.0621
U049,28,11,25,88.58,1,0,0,9,0.5762,-0.0752,1.4958,0.1443,-0.1924,-0.2776,0.7624
U049,29,6,34,83.46,1,0,0,7,-2.0636,0.9599,1.0082,0.1417,-0.189,-0.2724,-0.0889
U049,30,6,20,61.26,1,0,0,7,-1.8902,-0.6826,-0.7795,0.1393,-0.1857,-0.2674,-0.0874
U049,31,8,11,65.53,1,0,0,7,-0.7975,-1.712,-0.4193,0.137,-0.1826,-0.2628,-0.086
U049,32,8,28,87.33,1,0,0,9,-0.7975,0.3189,1.3272,0.137,-0.1826,-0.2628,0.8741
U049,33,10,22,83.94,0,1,0,7,0.1739,-0.3132,1.0466,-0.8773,5.2946,-0.2628,-0.0448
U049,34,14,32,55.87,1,0,0,6,2.3158,1.0477,-1.1728,0.1755,-0.2628,-0.2628,-0.4789
U049,35,8,27,106.41,1,0,0,9,-0.764,0.4392,2.7209,0.1423,-0.2628,-0.2628,0.8721
U049,36,10,25,82.54,0,0,0,9,0.2052,0.1319,0.7199,-0.9129,-0.2628,-0.2628,0.8301
U049,37,10,24,73.42,0,0,0,5,0.1895,-0.0781,0.0646,-0.8651,-0.2628,-0.2628,-1.1644
U049,38,9,18,66.77,0,1,1,8,-0.319,-0.9922,-0.4668,-0.8197,3.6788,3.6788,0.3748
U049,39,11,34,75.26,0,0,0,5,0.6279,1.4023,0.129,-0.8197,-0.3277,-0.3277,-1.1293
U049,40,8,26,66.18,0,0,0,8,-0.8747,0.1747,-0.5275,-0.7897,-0.3277,-0.2628,0.3437
U049,41,7,24,59.72,0,0,0,8,-1.3307,-0.2671,-1.0265,-0.7374,-0.3277,-0.2628,0.4169
U049,42,14,24,76.13,0,0,0,9,2.2581,-0.2553,0.1835,-0.6934,-0.3277,-0.2628,0.9129
U049,43,9,22,71.94,1,0,0,3,-0.3465,-0.5677,-0.1591,0.5303,-0.3277,-0.2628,-2.4195
U049,44,8,31,52.18,1,0,1,6,-0.802,1.0989,-1.5972,0.4916,-0.3277,3.6788,-0.7351
U049,45,10,15,70.48,2,0,1,8,0.1712,-1.896,-0.1599,1.6899,-0.3277,3.6788,0.3691
U049,46,9,10,91.91,2,0,0,5,-0.2821,-2.6627,1.491,1.5794,-0.3277,-0.3277,-1.256
U049,47,10,19,84.74,0,0,0,7,0.1739,-0.856,0.8635,-0.8445,-0.2628,-0.3277,-0.1383
U049,48,8,14,57.27,0,0,0,6,-0.7745,-1.656,-1.2429,-0.8445,-0.2628,-0.3277,-0.6568
U049,49,10,19,20.11,1,0,0,10,0.2209,-0.7018,-3.9538,0.3421,-0.2628,-0.3277,1.4456
U049,50,6,25,78.73,0,0,1,9,-1.6887,0.2769,0.4227,-0.7983,-0.2628,2.9496,0.8489
U049,51,11,18,74.26,2,0,0,9,0.7096,-0.9096,0.1648,1.4825,-0.2628,-0.3856,0.9268
U049,52,10,25,62.68,0,0,0,7,0.2398,0.3097,-0.57,-0.8541,-0.2628,-0.3856,-0.2185
U049,53,13,26,83.95,1,0,0,8,1.5734,0.4586,0.726,0.2599,-0.2628,-0.3856,0.3003
U049,54,8,39,62.82,0,0,0,4,-0.7066,2.6136,-0.6214,-0.8812,-0.2628,-0.3856,-2.0402
U049,55,10,11,84.1,2,0,0,11,0.1462,-1.901,0.7002,1.6619,-0.2628,-0.3856,2.1208
U049,56,9,14,83.02,2,0,0,9,-0.2585,-1.302,0.6686,1.5304,-0.2628,-0.3856,0.9329
U049,57,6,17,78.97,1,0,0,12,-1.6159,-0.8121,0.3661,0.2362,-0.2628,-0.3856,2.5126
U049,58,9,27,58.28,0,0,0,8,-0.1096,0.6014,-0.9298,-0.9914,-0.2628,-0.3856,0.2154
U049,59,10,12,61.43,2,0,0,4,0.3964,-1.4672,-0.6695,1.734,-0.2628,-0.3856,-1.7707
U049,60,8,20,64.86,3,0,0,10,-0.6436,-0.2723,-0.4061,2.8878,-0.2628,-0.3856,1.2247
